"pattern","freq","archetype","dist","sim_jaccard"
"pattern_1",2401891,"Early.Adopter",4,1
"pattern_2",1993398,"Early.Adopter",5,0
"pattern_3",765600,"Early.Adopter",4,0
"pattern_4",614310,"Early.Adopter",4,0
"pattern_5",257482,"Early.Adopter",4,0
"pattern_6",233711,"Early.Adopter",5,0
"pattern_7",233570,"Early.Adopter",5,0
"pattern_8",233351,"Early.Adopter",5,0
"pattern_9",232975,"Early.Adopter",4,0
"pattern_10",217547,"Early.Adopter",4,0
"pattern_11",120793,"Early.Adopter",4,0
"pattern_12",114680,"Early.Adopter",5,0
"pattern_13",100929,"Early.Adopter",5,0
"pattern_14",90681,"Early.Adopter",5,0
"pattern_15",74301,"Early.Adopter",6,0
"pattern_16",57364,"Early.Adopter",5,0
"pattern_17",45834,"Early.Adopter",4,0
"pattern_18",38592,"Early.Adopter",6,0
"pattern_19",33864,"Early.Adopter",5,0
"pattern_20",29708,"Early.Adopter",5,0
"pattern_21",18237,"Early.Adopter",5,0
"pattern_22",14697,"Early.Adopter",4,0
"pattern_23",13889,"Early.Adopter",4,0
"pattern_24",13774,"Early.Adopter",6,0
"pattern_25",13447,"Early.Adopter",5,0
"pattern_26",7267,"Early.Adopter",5,0
"pattern_27",6420,"Early.Adopter",5,0
"pattern_28",3741,"Early.Adopter",4,0
"pattern_29",3012,"Early.Adopter",6,0
"pattern_30",2584,"Early.Adopter",5,0
"pattern_31",2040,"Early.Adopter",6,0
"pattern_32",1272,"Early.Adopter",5,0
"pattern_33",1206,"Early.Adopter",6,0
"pattern_34",1091,"Early.Adopter",5,0
"pattern_35",714,"Early.Adopter",5,0
"pattern_36",669,"Early.Adopter",5,0
"pattern_37",605,"Early.Adopter",5,0
"pattern_38",535,"Early.Adopter",5,0
"pattern_39",401,"Early.Adopter",4,0
"pattern_40",354,"Early.Adopter",6,0
"pattern_41",348,"Early.Adopter",6,0
"pattern_42",293,"Early.Adopter",6,0
"pattern_43",283,"Early.Adopter",5,0
"pattern_44",256,"Early.Adopter",5,0
"pattern_45",231,"Early.Adopter",5,0
"pattern_46",224,"Early.Adopter",5,0
"pattern_47",216,"Early.Adopter",5,0
"pattern_48",197,"Early.Adopter",6,0
"pattern_49",188,"Early.Adopter",6,0
"pattern_50",103,"Early.Adopter",6,0
"pattern_51",100,"Early.Adopter",5,0
"pattern_52",91,"Early.Adopter",5,0
"pattern_53",80,"Early.Adopter",6,0
"pattern_54",78,"Early.Adopter",5,0
"pattern_55",72,"Early.Adopter",5,0
"pattern_56",61,"Early.Adopter",4,0
"pattern_57",58,"Early.Adopter",7,0
"pattern_58",57,"Early.Adopter",6,0
"pattern_59",44,"Early.Adopter",6,0
"pattern_60",43,"Early.Adopter",6,0
"pattern_61",36,"Early.Adopter",5,0
"pattern_62",36,"Early.Adopter",7,0
"pattern_63",30,"Early.Adopter",6,0
"pattern_64",30,"Early.Adopter",5,0
"pattern_65",30,"Early.Adopter",5,0
"pattern_66",30,"Early.Adopter",5,0
"pattern_67",27,"Early.Adopter",6,0
"pattern_68",24,"Early.Adopter",6,0
"pattern_69",21,"Early.Adopter",5,0
"pattern_70",19,"Early.Adopter",6,0
"pattern_71",17,"Early.Adopter",6,0
"pattern_72",16,"Early.Adopter",5,0
"pattern_73",15,"Early.Adopter",6,0
"pattern_74",15,"Early.Adopter",6,0
"pattern_75",15,"Early.Adopter",5,0
"pattern_76",12,"Early.Adopter",6,0
"pattern_77",12,"Early.Adopter",5,0
"pattern_78",6,"Early.Adopter",6,0
"pattern_79",6,"Early.Adopter",6,0
"pattern_80",5,"Early.Adopter",5,0
"pattern_81",4,"Early.Adopter",6,0
"pattern_82",3,"Early.Adopter",5,0
"pattern_83",3,"Early.Adopter",7,0
"pattern_84",3,"Early.Adopter",4,0
"pattern_85",3,"Early.Adopter",6,0
"pattern_86",3,"Early.Adopter",5,0
"pattern_87",2,"Early.Adopter",6,0
"pattern_88",2,"Early.Adopter",5,0
"pattern_89",2,"Early.Adopter",6,0
"pattern_90",2,"Early.Adopter",5,0
"pattern_91",2,"Early.Adopter",6,0
"pattern_92",1,"Early.Adopter",5,0
"pattern_93",1,"Early.Adopter",6,0
"pattern_94",1,"Early.Adopter",6,0
"pattern_95",1,"Early.Adopter",6,0
"pattern_96",1,"Early.Adopter",7,0
"pattern_97",1,"Early.Adopter",6,0
"pattern_98",1,"Early.Adopter",6,0
"pattern_99",1,"Early.Adopter",6,0
"pattern_100",1,"Early.Adopter",5,0
"pattern_101",1,"Early.Adopter",6,0
"pattern_1",2401891,"Uninterested",5,0
"pattern_2",1993398,"Uninterested",5,0.333333333333333
"pattern_3",765600,"Uninterested",6,0
"pattern_4",614310,"Uninterested",5,0
"pattern_5",257482,"Uninterested",5,0
"pattern_6",233711,"Uninterested",5,0.333333333333333
"pattern_7",233570,"Uninterested",6,0
"pattern_8",233351,"Uninterested",7,0
"pattern_9",232975,"Uninterested",6,0
"pattern_10",217547,"Uninterested",6,0
"pattern_11",120793,"Uninterested",6,0
"pattern_12",114680,"Uninterested",6,0
"pattern_13",100929,"Uninterested",4,1
"pattern_14",90681,"Uninterested",4,0.5
"pattern_15",74301,"Uninterested",5,0.333333333333333
"pattern_16",57364,"Uninterested",4,0.333333333333333
"pattern_17",45834,"Uninterested",5,0
"pattern_18",38592,"Uninterested",6,0.333333333333333
"pattern_19",33864,"Uninterested",5,0.5
"pattern_20",29708,"Uninterested",7,0
"pattern_21",18237,"Uninterested",6,0.333333333333333
"pattern_22",14697,"Uninterested",6,0
"pattern_23",13889,"Uninterested",7,0
"pattern_24",13774,"Uninterested",5,0.333333333333333
"pattern_25",13447,"Uninterested",5,0.333333333333333
"pattern_26",7267,"Uninterested",5,0
"pattern_27",6420,"Uninterested",4,0.5
"pattern_28",3741,"Uninterested",7,0
"pattern_29",3012,"Uninterested",6,0
"pattern_30",2584,"Uninterested",8,0
"pattern_31",2040,"Uninterested",4,0.333333333333333
"pattern_32",1272,"Uninterested",5,0
"pattern_33",1206,"Uninterested",7,0
"pattern_34",1091,"Uninterested",5,0
"pattern_35",714,"Uninterested",6,0
"pattern_36",669,"Uninterested",7,0
"pattern_37",605,"Uninterested",6,0
"pattern_38",535,"Uninterested",5,0.333333333333333
"pattern_39",401,"Uninterested",6,0
"pattern_40",354,"Uninterested",4,0.333333333333333
"pattern_41",348,"Uninterested",6,0
"pattern_42",293,"Uninterested",6,0.333333333333333
"pattern_43",283,"Uninterested",6,0
"pattern_44",256,"Uninterested",7,0
"pattern_45",231,"Uninterested",6,0
"pattern_46",224,"Uninterested",6,0
"pattern_47",216,"Uninterested",8,0
"pattern_48",197,"Uninterested",5,0.5
"pattern_49",188,"Uninterested",5,0.333333333333333
"pattern_50",103,"Uninterested",6,0.333333333333333
"pattern_51",100,"Uninterested",7,0
"pattern_52",91,"Uninterested",6,0
"pattern_53",80,"Uninterested",8,0
"pattern_54",78,"Uninterested",6,0
"pattern_55",72,"Uninterested",5,0
"pattern_56",61,"Uninterested",6,0
"pattern_57",58,"Uninterested",5,0.333333333333333
"pattern_58",57,"Uninterested",5,0.333333333333333
"pattern_59",44,"Uninterested",6,0
"pattern_60",43,"Uninterested",7,0
"pattern_61",36,"Uninterested",6,0
"pattern_62",36,"Uninterested",5,0.333333333333333
"pattern_63",30,"Uninterested",6,0.333333333333333
"pattern_64",30,"Uninterested",5,0
"pattern_65",30,"Uninterested",7,0
"pattern_66",30,"Uninterested",7,0
"pattern_67",27,"Uninterested",5,0.333333333333333
"pattern_68",24,"Uninterested",4,0.5
"pattern_69",21,"Uninterested",7,0
"pattern_70",19,"Uninterested",4,0.5
"pattern_71",17,"Uninterested",5,0.333333333333333
"pattern_72",16,"Uninterested",7,0
"pattern_73",15,"Uninterested",4,0.333333333333333
"pattern_74",15,"Uninterested",5,0.333333333333333
"pattern_75",15,"Uninterested",6,0
"pattern_76",12,"Uninterested",6,0
"pattern_77",12,"Uninterested",6,0
"pattern_78",6,"Uninterested",7,0
"pattern_79",6,"Uninterested",5,0.333333333333333
"pattern_80",5,"Uninterested",6,0
"pattern_81",4,"Uninterested",6,0
"pattern_82",3,"Uninterested",7,0
"pattern_83",3,"Uninterested",6,0.333333333333333
"pattern_84",3,"Uninterested",6,0
"pattern_85",3,"Uninterested",5,0.5
"pattern_86",3,"Uninterested",5,0.5
"pattern_87",2,"Uninterested",6,0
"pattern_88",2,"Uninterested",5,0
"pattern_89",2,"Uninterested",7,0
"pattern_90",2,"Uninterested",7,0
"pattern_91",2,"Uninterested",6,0
"pattern_92",1,"Uninterested",7,0
"pattern_93",1,"Uninterested",5,0
"pattern_94",1,"Uninterested",6,0
"pattern_95",1,"Uninterested",4,0.333333333333333
"pattern_96",1,"Uninterested",5,0.333333333333333
"pattern_97",1,"Uninterested",7,0
"pattern_98",1,"Uninterested",8,0
"pattern_99",1,"Uninterested",5,0
"pattern_100",1,"Uninterested",6,0
"pattern_101",1,"Uninterested",7,0
"pattern_1",2401891,"Homo.Economicus",4,1
"pattern_2",1993398,"Homo.Economicus",5,0
"pattern_3",765600,"Homo.Economicus",6,0
"pattern_4",614310,"Homo.Economicus",5,0
"pattern_5",257482,"Homo.Economicus",4,0
"pattern_6",233711,"Homo.Economicus",6,0
"pattern_7",233570,"Homo.Economicus",4,0
"pattern_8",233351,"Homo.Economicus",7,0
"pattern_9",232975,"Homo.Economicus",5,0
"pattern_10",217547,"Homo.Economicus",6,0
"pattern_11",120793,"Homo.Economicus",4,0
"pattern_12",114680,"Homo.Economicus",6,0
"pattern_13",100929,"Homo.Economicus",5,0
"pattern_14",90681,"Homo.Economicus",6,0
"pattern_15",74301,"Homo.Economicus",5,0
"pattern_16",57364,"Homo.Economicus",6,0
"pattern_17",45834,"Homo.Economicus",5,0
"pattern_18",38592,"Homo.Economicus",5,0
"pattern_19",33864,"Homo.Economicus",5,0
"pattern_20",29708,"Homo.Economicus",4,0
"pattern_21",18237,"Homo.Economicus",6,0
"pattern_22",14697,"Homo.Economicus",4,0
"pattern_23",13889,"Homo.Economicus",5,0
"pattern_24",13774,"Homo.Economicus",7,0
"pattern_25",13447,"Homo.Economicus",7,0
"pattern_26",7267,"Homo.Economicus",5,0
"pattern_27",6420,"Homo.Economicus",5,0
"pattern_28",3741,"Homo.Economicus",6,0
"pattern_29",3012,"Homo.Economicus",7,0
"pattern_30",2584,"Homo.Economicus",5,0
"pattern_31",2040,"Homo.Economicus",5,0
"pattern_32",1272,"Homo.Economicus",6,0
"pattern_33",1206,"Homo.Economicus",4,0
"pattern_34",1091,"Homo.Economicus",4,0
"pattern_35",714,"Homo.Economicus",6,0
"pattern_36",669,"Homo.Economicus",5,0
"pattern_37",605,"Homo.Economicus",5,0
"pattern_38",535,"Homo.Economicus",6,0
"pattern_39",401,"Homo.Economicus",5,0
"pattern_40",354,"Homo.Economicus",7,0
"pattern_41",348,"Homo.Economicus",4,0
"pattern_42",293,"Homo.Economicus",6,0
"pattern_43",283,"Homo.Economicus",4,0
"pattern_44",256,"Homo.Economicus",6,0
"pattern_45",231,"Homo.Economicus",5,0
"pattern_46",224,"Homo.Economicus",7,0
"pattern_47",216,"Homo.Economicus",6,0
"pattern_48",197,"Homo.Economicus",6,0
"pattern_49",188,"Homo.Economicus",5,0
"pattern_50",103,"Homo.Economicus",6,0
"pattern_51",100,"Homo.Economicus",5,0
"pattern_52",91,"Homo.Economicus",5,0
"pattern_53",80,"Homo.Economicus",5,0
"pattern_54",78,"Homo.Economicus",5,0
"pattern_55",72,"Homo.Economicus",4,0
"pattern_56",61,"Homo.Economicus",5,0
"pattern_57",58,"Homo.Economicus",5,0
"pattern_58",57,"Homo.Economicus",6,0
"pattern_59",44,"Homo.Economicus",6,0
"pattern_60",43,"Homo.Economicus",5,0
"pattern_61",36,"Homo.Economicus",6,0
"pattern_62",36,"Homo.Economicus",7,0
"pattern_63",30,"Homo.Economicus",7,0
"pattern_64",30,"Homo.Economicus",5,0
"pattern_65",30,"Homo.Economicus",5,0
"pattern_66",30,"Homo.Economicus",5,0
"pattern_67",27,"Homo.Economicus",6,0
"pattern_68",24,"Homo.Economicus",5,0
"pattern_69",21,"Homo.Economicus",6,0
"pattern_70",19,"Homo.Economicus",6,0
"pattern_71",17,"Homo.Economicus",6,0
"pattern_72",16,"Homo.Economicus",6,0
"pattern_73",15,"Homo.Economicus",6,0
"pattern_74",15,"Homo.Economicus",6,0
"pattern_75",15,"Homo.Economicus",6,0
"pattern_76",12,"Homo.Economicus",5,0
"pattern_77",12,"Homo.Economicus",5,0
"pattern_78",6,"Homo.Economicus",5,0
"pattern_79",6,"Homo.Economicus",7,0
"pattern_80",5,"Homo.Economicus",6,0
"pattern_81",4,"Homo.Economicus",6,0
"pattern_82",3,"Homo.Economicus",6,0
"pattern_83",3,"Homo.Economicus",6,0
"pattern_84",3,"Homo.Economicus",5,0
"pattern_85",3,"Homo.Economicus",5,0
"pattern_86",3,"Homo.Economicus",6,0
"pattern_87",2,"Homo.Economicus",5,0
"pattern_88",2,"Homo.Economicus",5,0
"pattern_89",2,"Homo.Economicus",7,0
"pattern_90",2,"Homo.Economicus",5,0
"pattern_91",2,"Homo.Economicus",4,0
"pattern_92",1,"Homo.Economicus",6,0
"pattern_93",1,"Homo.Economicus",5,0
"pattern_94",1,"Homo.Economicus",5,0
"pattern_95",1,"Homo.Economicus",6,0
"pattern_96",1,"Homo.Economicus",6,0
"pattern_97",1,"Homo.Economicus",6,0
"pattern_98",1,"Homo.Economicus",6,0
"pattern_99",1,"Homo.Economicus",6,0
"pattern_100",1,"Homo.Economicus",5,0
"pattern_101",1,"Homo.Economicus",5,0
"pattern_1",2401891,"Fearful",4,1
"pattern_2",1993398,"Fearful",5,0
"pattern_3",765600,"Fearful",6,0
"pattern_4",614310,"Fearful",5,0
"pattern_5",257482,"Fearful",4,0
"pattern_6",233711,"Fearful",6,0
"pattern_7",233570,"Fearful",5,0
"pattern_8",233351,"Fearful",7,0
"pattern_9",232975,"Fearful",6,0
"pattern_10",217547,"Fearful",6,0
"pattern_11",120793,"Fearful",5,0
"pattern_12",114680,"Fearful",6,0
"pattern_13",100929,"Fearful",4,0
"pattern_14",90681,"Fearful",5,0
"pattern_15",74301,"Fearful",5,0
"pattern_16",57364,"Fearful",5,0
"pattern_17",45834,"Fearful",5,0
"pattern_18",38592,"Fearful",5,0
"pattern_19",33864,"Fearful",5,0
"pattern_20",29708,"Fearful",5,0
"pattern_21",18237,"Fearful",6,0
"pattern_22",14697,"Fearful",5,0
"pattern_23",13889,"Fearful",6,0
"pattern_24",13774,"Fearful",6,0
"pattern_25",13447,"Fearful",6,0
"pattern_26",7267,"Fearful",5,0
"pattern_27",6420,"Fearful",4,0
"pattern_28",3741,"Fearful",7,0
"pattern_29",3012,"Fearful",7,0
"pattern_30",2584,"Fearful",6,0
"pattern_31",2040,"Fearful",4,0
"pattern_32",1272,"Fearful",6,0
"pattern_33",1206,"Fearful",5,0
"pattern_34",1091,"Fearful",4,0
"pattern_35",714,"Fearful",6,0
"pattern_36",669,"Fearful",6,0
"pattern_37",605,"Fearful",5,0
"pattern_38",535,"Fearful",5,0
"pattern_39",401,"Fearful",6,0
"pattern_40",354,"Fearful",6,0
"pattern_41",348,"Fearful",4,0
"pattern_42",293,"Fearful",6,0
"pattern_43",283,"Fearful",5,0
"pattern_44",256,"Fearful",7,0
"pattern_45",231,"Fearful",6,0
"pattern_46",224,"Fearful",7,0
"pattern_47",216,"Fearful",7,0
"pattern_48",197,"Fearful",5,0
"pattern_49",188,"Fearful",4,0
"pattern_50",103,"Fearful",5,0
"pattern_51",100,"Fearful",6,0
"pattern_52",91,"Fearful",5,0
"pattern_53",80,"Fearful",6,0
"pattern_54",78,"Fearful",5,0
"pattern_55",72,"Fearful",4,0
"pattern_56",61,"Fearful",5,0
"pattern_57",58,"Fearful",4,0
"pattern_58",57,"Fearful",5,0
"pattern_59",44,"Fearful",6,0
"pattern_60",43,"Fearful",6,0
"pattern_61",36,"Fearful",7,0
"pattern_62",36,"Fearful",6,0
"pattern_63",30,"Fearful",6,0
"pattern_64",30,"Fearful",5,0
"pattern_65",30,"Fearful",5,0
"pattern_66",30,"Fearful",6,0
"pattern_67",27,"Fearful",6,0
"pattern_68",24,"Fearful",4,0
"pattern_69",21,"Fearful",6,0
"pattern_70",19,"Fearful",5,0
"pattern_71",17,"Fearful",5,0
"pattern_72",16,"Fearful",7,0
"pattern_73",15,"Fearful",5,0
"pattern_74",15,"Fearful",5,0
"pattern_75",15,"Fearful",6,0
"pattern_76",12,"Fearful",5,0
"pattern_77",12,"Fearful",6,0
"pattern_78",6,"Fearful",5,0
"pattern_79",6,"Fearful",6,0
"pattern_80",5,"Fearful",6,0
"pattern_81",4,"Fearful",6,0
"pattern_82",3,"Fearful",6,0
"pattern_83",3,"Fearful",5,0
"pattern_84",3,"Fearful",5,0
"pattern_85",3,"Fearful",4,0
"pattern_86",3,"Fearful",5,0
"pattern_87",2,"Fearful",6,0
"pattern_88",2,"Fearful",5,0
"pattern_89",2,"Fearful",7,0
"pattern_90",2,"Fearful",5,0
"pattern_91",2,"Fearful",4,0
"pattern_92",1,"Fearful",6,0
"pattern_93",1,"Fearful",5,0
"pattern_94",1,"Fearful",5,0
"pattern_95",1,"Fearful",5,0
"pattern_96",1,"Fearful",5,0
"pattern_97",1,"Fearful",6,0
"pattern_98",1,"Fearful",6,0
"pattern_99",1,"Fearful",6,0
"pattern_100",1,"Fearful",5,0
"pattern_101",1,"Fearful",6,0
"pattern_1",2401891,"Stubborn",2,1
"pattern_2",1993398,"Stubborn",3,0
"pattern_3",765600,"Stubborn",4,0
"pattern_4",614310,"Stubborn",3,0
"pattern_5",257482,"Stubborn",2,0
"pattern_6",233711,"Stubborn",4,0
"pattern_7",233570,"Stubborn",3,0
"pattern_8",233351,"Stubborn",5,0
"pattern_9",232975,"Stubborn",3,0
"pattern_10",217547,"Stubborn",4,0
"pattern_11",120793,"Stubborn",2,0
"pattern_12",114680,"Stubborn",4,0
"pattern_13",100929,"Stubborn",3,0
"pattern_14",90681,"Stubborn",4,0
"pattern_15",74301,"Stubborn",4,0
"pattern_16",57364,"Stubborn",4,0
"pattern_17",45834,"Stubborn",3,0
"pattern_18",38592,"Stubborn",4,0
"pattern_19",33864,"Stubborn",3,0
"pattern_20",29708,"Stubborn",3,0
"pattern_21",18237,"Stubborn",4,0
"pattern_22",14697,"Stubborn",2,0
"pattern_23",13889,"Stubborn",3,0
"pattern_24",13774,"Stubborn",5,0
"pattern_25",13447,"Stubborn",5,0
"pattern_26",7267,"Stubborn",4,0
"pattern_27",6420,"Stubborn",3,0
"pattern_28",3741,"Stubborn",4,0
"pattern_29",3012,"Stubborn",5,0
"pattern_30",2584,"Stubborn",4,0
"pattern_31",2040,"Stubborn",4,0
"pattern_32",1272,"Stubborn",4,0
"pattern_33",1206,"Stubborn",4,0
"pattern_34",1091,"Stubborn",3,0
"pattern_35",714,"Stubborn",4,0
"pattern_36",669,"Stubborn",4,0
"pattern_37",605,"Stubborn",3,0
"pattern_38",535,"Stubborn",4,0
"pattern_39",401,"Stubborn",3,0
"pattern_40",354,"Stubborn",5,0
"pattern_41",348,"Stubborn",4,0
"pattern_42",293,"Stubborn",4,0
"pattern_43",283,"Stubborn",3,0
"pattern_44",256,"Stubborn",4,0
"pattern_45",231,"Stubborn",4,0
"pattern_46",224,"Stubborn",5,0
"pattern_47",216,"Stubborn",4,0
"pattern_48",197,"Stubborn",4,0
"pattern_49",188,"Stubborn",4,0
"pattern_50",103,"Stubborn",5,0
"pattern_51",100,"Stubborn",3,0
"pattern_52",91,"Stubborn",3,0
"pattern_53",80,"Stubborn",4,0
"pattern_54",78,"Stubborn",4,0
"pattern_55",72,"Stubborn",3,0
"pattern_56",61,"Stubborn",3,0
"pattern_57",58,"Stubborn",5,0
"pattern_58",57,"Stubborn",5,0
"pattern_59",44,"Stubborn",4,0
"pattern_60",43,"Stubborn",4,0
"pattern_61",36,"Stubborn",4,0
"pattern_62",36,"Stubborn",5,0
"pattern_63",30,"Stubborn",5,0
"pattern_64",30,"Stubborn",3,0
"pattern_65",30,"Stubborn",4,0
"pattern_66",30,"Stubborn",4,0
"pattern_67",27,"Stubborn",4,0
"pattern_68",24,"Stubborn",4,0
"pattern_69",21,"Stubborn",4,0
"pattern_70",19,"Stubborn",4,0
"pattern_71",17,"Stubborn",4,0
"pattern_72",16,"Stubborn",4,0
"pattern_73",15,"Stubborn",5,0
"pattern_74",15,"Stubborn",5,0
"pattern_75",15,"Stubborn",5,0
"pattern_76",12,"Stubborn",4,0
"pattern_77",12,"Stubborn",3,0
"pattern_78",6,"Stubborn",5,0
"pattern_79",6,"Stubborn",5,0
"pattern_80",5,"Stubborn",4,0
"pattern_81",4,"Stubborn",5,0
"pattern_82",3,"Stubborn",4,0
"pattern_83",3,"Stubborn",5,0
"pattern_84",3,"Stubborn",3,0
"pattern_85",3,"Stubborn",4,0
"pattern_86",3,"Stubborn",4,0
"pattern_87",2,"Stubborn",4,0
"pattern_88",2,"Stubborn",4,0
"pattern_89",2,"Stubborn",5,0
"pattern_90",2,"Stubborn",4,0
"pattern_91",2,"Stubborn",4,0
"pattern_92",1,"Stubborn",5,0
"pattern_93",1,"Stubborn",4,0
"pattern_94",1,"Stubborn",4,0
"pattern_95",1,"Stubborn",4,0
"pattern_96",1,"Stubborn",5,0
"pattern_97",1,"Stubborn",5,0
"pattern_98",1,"Stubborn",5,0
"pattern_99",1,"Stubborn",5,0
"pattern_100",1,"Stubborn",4,0
"pattern_101",1,"Stubborn",4,0
"pattern_1",2401891,"Influencer",4,1
"pattern_2",1993398,"Influencer",6,0
"pattern_3",765600,"Influencer",5,0
"pattern_4",614310,"Influencer",5,0
"pattern_5",257482,"Influencer",4,0
"pattern_6",233711,"Influencer",7,0
"pattern_7",233570,"Influencer",6,0
"pattern_8",233351,"Influencer",5,0
"pattern_9",232975,"Influencer",6,0
"pattern_10",217547,"Influencer",5,0
"pattern_11",120793,"Influencer",5,0
"pattern_12",114680,"Influencer",5,0
"pattern_13",100929,"Influencer",5,0
"pattern_14",90681,"Influencer",6,0
"pattern_15",74301,"Influencer",7,0
"pattern_16",57364,"Influencer",6,0
"pattern_17",45834,"Influencer",5,0
"pattern_18",38592,"Influencer",7,0
"pattern_19",33864,"Influencer",6,0
"pattern_20",29708,"Influencer",6,0
"pattern_21",18237,"Influencer",6,0
"pattern_22",14697,"Influencer",5,0
"pattern_23",13889,"Influencer",5,0
"pattern_24",13774,"Influencer",6,0
"pattern_25",13447,"Influencer",6,0
"pattern_26",7267,"Influencer",6,0
"pattern_27",6420,"Influencer",5,0
"pattern_28",3741,"Influencer",6,0
"pattern_29",3012,"Influencer",5,0
"pattern_30",2584,"Influencer",6,0
"pattern_31",2040,"Influencer",6,0
"pattern_32",1272,"Influencer",5,0
"pattern_33",1206,"Influencer",7,0
"pattern_34",1091,"Influencer",5,0
"pattern_35",714,"Influencer",5,0
"pattern_36",669,"Influencer",6,0
"pattern_37",605,"Influencer",4,0
"pattern_38",535,"Influencer",5,0
"pattern_39",401,"Influencer",6,0
"pattern_40",354,"Influencer",6,0
"pattern_41",348,"Influencer",6,0
"pattern_42",293,"Influencer",6,0
"pattern_43",283,"Influencer",6,0
"pattern_44",256,"Influencer",6,0
"pattern_45",231,"Influencer",7,0
"pattern_46",224,"Influencer",5,0
"pattern_47",216,"Influencer",5,0
"pattern_48",197,"Influencer",5,0
"pattern_49",188,"Influencer",6,0
"pattern_50",103,"Influencer",6,0
"pattern_51",100,"Influencer",5,0
"pattern_52",91,"Influencer",4,0
"pattern_53",80,"Influencer",6,0
"pattern_54",78,"Influencer",5,0
"pattern_55",72,"Influencer",5,0
"pattern_56",61,"Influencer",4,0
"pattern_57",58,"Influencer",7,0
"pattern_58",57,"Influencer",6,0
"pattern_59",44,"Influencer",4,0
"pattern_60",43,"Influencer",6,0
"pattern_61",36,"Influencer",6,0
"pattern_62",36,"Influencer",5,0
"pattern_63",30,"Influencer",5,0
"pattern_64",30,"Influencer",4,0
"pattern_65",30,"Influencer",5,0
"pattern_66",30,"Influencer",7,0
"pattern_67",27,"Influencer",6,0
"pattern_68",24,"Influencer",6,0
"pattern_69",21,"Influencer",4,0
"pattern_70",19,"Influencer",5,0
"pattern_71",17,"Influencer",5,0
"pattern_72",16,"Influencer",5,0
"pattern_73",15,"Influencer",7,0
"pattern_74",15,"Influencer",7,0
"pattern_75",15,"Influencer",6,0
"pattern_76",12,"Influencer",5,0
"pattern_77",12,"Influencer",5,0
"pattern_78",6,"Influencer",6,0
"pattern_79",6,"Influencer",5,0
"pattern_80",5,"Influencer",4,0
"pattern_81",4,"Influencer",6,0
"pattern_82",3,"Influencer",4,0
"pattern_83",3,"Influencer",6,0
"pattern_84",3,"Influencer",4,0
"pattern_85",3,"Influencer",6,0
"pattern_86",3,"Influencer",5,0
"pattern_87",2,"Influencer",6,0
"pattern_88",2,"Influencer",6,0
"pattern_89",2,"Influencer",4,0
"pattern_90",2,"Influencer",5,0
"pattern_91",2,"Influencer",6,0
"pattern_92",1,"Influencer",6,0
"pattern_93",1,"Influencer",5,0
"pattern_94",1,"Influencer",5,0
"pattern_95",1,"Influencer",5,0
"pattern_96",1,"Influencer",6,0
"pattern_97",1,"Influencer",5,0
"pattern_98",1,"Influencer",5,0
"pattern_99",1,"Influencer",6,0
"pattern_100",1,"Influencer",6,0
"pattern_101",1,"Influencer",6,0
"pattern_1",2401891,"Careful",5,1
"pattern_2",1993398,"Careful",5,0
"pattern_3",765600,"Careful",7,0
"pattern_4",614310,"Careful",6,0
"pattern_5",257482,"Careful",5,0
"pattern_6",233711,"Careful",6,0
"pattern_7",233570,"Careful",5,0
"pattern_8",233351,"Careful",8,0
"pattern_9",232975,"Careful",6,0
"pattern_10",217547,"Careful",7,0
"pattern_11",120793,"Careful",5,0
"pattern_12",114680,"Careful",7,0
"pattern_13",100929,"Careful",5,0
"pattern_14",90681,"Careful",6,0
"pattern_15",74301,"Careful",5,0
"pattern_16",57364,"Careful",6,0
"pattern_17",45834,"Careful",6,0
"pattern_18",38592,"Careful",5,0
"pattern_19",33864,"Careful",5,0
"pattern_20",29708,"Careful",5,0
"pattern_21",18237,"Careful",6,0
"pattern_22",14697,"Careful",5,0
"pattern_23",13889,"Careful",6,0
"pattern_24",13774,"Careful",7,0
"pattern_25",13447,"Careful",7,0
"pattern_26",7267,"Careful",6,0
"pattern_27",6420,"Careful",5,0
"pattern_28",3741,"Careful",7,0
"pattern_29",3012,"Careful",8,0
"pattern_30",2584,"Careful",6,0
"pattern_31",2040,"Careful",5,0
"pattern_32",1272,"Careful",7,0
"pattern_33",1206,"Careful",5,0
"pattern_34",1091,"Careful",5,0
"pattern_35",714,"Careful",7,0
"pattern_36",669,"Careful",6,0
"pattern_37",605,"Careful",6,0
"pattern_38",535,"Careful",6,0
"pattern_39",401,"Careful",6,0
"pattern_40",354,"Careful",7,0
"pattern_41",348,"Careful",5,0
"pattern_42",293,"Careful",6,0
"pattern_43",283,"Careful",5,0
"pattern_44",256,"Careful",7,0
"pattern_45",231,"Careful",6,0
"pattern_46",224,"Careful",8,0
"pattern_47",216,"Careful",7,0
"pattern_48",197,"Careful",6,0
"pattern_49",188,"Careful",5,0
"pattern_50",103,"Careful",6,0
"pattern_51",100,"Careful",6,0
"pattern_52",91,"Careful",6,0
"pattern_53",80,"Careful",6,0
"pattern_54",78,"Careful",6,0
"pattern_55",72,"Careful",5,0
"pattern_56",61,"Careful",6,0
"pattern_57",58,"Careful",5,0
"pattern_58",57,"Careful",6,0
"pattern_59",44,"Careful",7,0
"pattern_60",43,"Careful",6,0
"pattern_61",36,"Careful",7,0
"pattern_62",36,"Careful",7,0
"pattern_63",30,"Careful",7,0
"pattern_64",30,"Careful",6,0
"pattern_65",30,"Careful",6,0
"pattern_66",30,"Careful",6,0
"pattern_67",27,"Careful",6,0
"pattern_68",24,"Careful",5,0
"pattern_69",21,"Careful",7,0
"pattern_70",19,"Careful",6,0
"pattern_71",17,"Careful",6,0
"pattern_72",16,"Careful",7,0
"pattern_73",15,"Careful",6,0
"pattern_74",15,"Careful",6,0
"pattern_75",15,"Careful",7,0
"pattern_76",12,"Careful",6,0
"pattern_77",12,"Careful",6,0
"pattern_78",6,"Careful",6,0
"pattern_79",6,"Careful",7,0
"pattern_80",5,"Careful",7,0
"pattern_81",4,"Careful",7,0
"pattern_82",3,"Careful",7,0
"pattern_83",3,"Careful",6,0
"pattern_84",3,"Careful",6,0
"pattern_85",3,"Careful",5,0
"pattern_86",3,"Careful",6,0
"pattern_87",2,"Careful",6,0
"pattern_88",2,"Careful",6,0
"pattern_89",2,"Careful",8,0
"pattern_90",2,"Careful",6,0
"pattern_91",2,"Careful",5,0
"pattern_92",1,"Careful",7,0
"pattern_93",1,"Careful",6,0
"pattern_94",1,"Careful",6,0
"pattern_95",1,"Careful",6,0
"pattern_96",1,"Careful",6,0
"pattern_97",1,"Careful",7,0
"pattern_98",1,"Careful",7,0
"pattern_99",1,"Careful",7,0
"pattern_100",1,"Careful",6,0
"pattern_101",1,"Careful",6,0
"pattern_1",2401891,"Activist",3,1
"pattern_2",1993398,"Activist",4,0
"pattern_3",765600,"Activist",5,0
"pattern_4",614310,"Activist",4,0
"pattern_5",257482,"Activist",3,0
"pattern_6",233711,"Activist",5,0
"pattern_7",233570,"Activist",3,0
"pattern_8",233351,"Activist",6,0
"pattern_9",232975,"Activist",4,0
"pattern_10",217547,"Activist",5,0
"pattern_11",120793,"Activist",3,0
"pattern_12",114680,"Activist",5,0
"pattern_13",100929,"Activist",4,0
"pattern_14",90681,"Activist",5,0
"pattern_15",74301,"Activist",4,0
"pattern_16",57364,"Activist",5,0
"pattern_17",45834,"Activist",4,0
"pattern_18",38592,"Activist",5,0
"pattern_19",33864,"Activist",4,0
"pattern_20",29708,"Activist",4,0
"pattern_21",18237,"Activist",5,0
"pattern_22",14697,"Activist",3,0
"pattern_23",13889,"Activist",4,0
"pattern_24",13774,"Activist",6,0
"pattern_25",13447,"Activist",6,0
"pattern_26",7267,"Activist",4,0
"pattern_27",6420,"Activist",4,0
"pattern_28",3741,"Activist",5,0
"pattern_29",3012,"Activist",6,0
"pattern_30",2584,"Activist",5,0
"pattern_31",2040,"Activist",4,0
"pattern_32",1272,"Activist",5,0
"pattern_33",1206,"Activist",4,0
"pattern_34",1091,"Activist",3,0
"pattern_35",714,"Activist",5,0
"pattern_36",669,"Activist",4,0
"pattern_37",605,"Activist",4,0
"pattern_38",535,"Activist",5,0
"pattern_39",401,"Activist",4,0
"pattern_40",354,"Activist",6,0
"pattern_41",348,"Activist",4,0
"pattern_42",293,"Activist",5,0
"pattern_43",283,"Activist",3,0
"pattern_44",256,"Activist",5,0
"pattern_45",231,"Activist",4,0
"pattern_46",224,"Activist",6,0
"pattern_47",216,"Activist",5,0
"pattern_48",197,"Activist",5,0
"pattern_49",188,"Activist",5,0
"pattern_50",103,"Activist",6,0
"pattern_51",100,"Activist",4,0
"pattern_52",91,"Activist",4,0
"pattern_53",80,"Activist",5,0
"pattern_54",78,"Activist",4,0
"pattern_55",72,"Activist",3,0
"pattern_56",61,"Activist",4,0
"pattern_57",58,"Activist",5,0
"pattern_58",57,"Activist",5,0
"pattern_59",44,"Activist",5,0
"pattern_60",43,"Activist",4,0
"pattern_61",36,"Activist",5,0
"pattern_62",36,"Activist",6,0
"pattern_63",30,"Activist",6,0
"pattern_64",30,"Activist",4,0
"pattern_65",30,"Activist",5,0
"pattern_66",30,"Activist",5,0
"pattern_67",27,"Activist",5,0
"pattern_68",24,"Activist",4,0
"pattern_69",21,"Activist",5,0
"pattern_70",19,"Activist",5,0
"pattern_71",17,"Activist",5,0
"pattern_72",16,"Activist",5,0
"pattern_73",15,"Activist",5,0
"pattern_74",15,"Activist",6,0
"pattern_75",15,"Activist",5,0
"pattern_76",12,"Activist",4,0
"pattern_77",12,"Activist",4,0
"pattern_78",6,"Activist",5,0
"pattern_79",6,"Activist",6,0
"pattern_80",5,"Activist",5,0
"pattern_81",4,"Activist",5,0
"pattern_82",3,"Activist",5,0
"pattern_83",3,"Activist",6,0
"pattern_84",3,"Activist",4,0
"pattern_85",3,"Activist",5,0
"pattern_86",3,"Activist",5,0
"pattern_87",2,"Activist",4,0
"pattern_88",2,"Activist",4,0
"pattern_89",2,"Activist",6,0
"pattern_90",2,"Activist",5,0
"pattern_91",2,"Activist",4,0
"pattern_92",1,"Activist",6,0
"pattern_93",1,"Activist",4,0
"pattern_94",1,"Activist",4,0
"pattern_95",1,"Activist",5,0
"pattern_96",1,"Activist",5,0
"pattern_97",1,"Activist",5,0
"pattern_98",1,"Activist",6,0
"pattern_99",1,"Activist",5,0
"pattern_100",1,"Activist",5,0
"pattern_101",1,"Activist",5,0
