term,estimate,std.error,statistic,p.value,coef.type,sample_label,sample_label_es,n_participants,boot_id,model_type,model_label,formula,term_label,tipo_termino,is_significant
Knowledge|Considering,-1.2596700070175944,0.07961683488670342,-15.821653910383823,2.2062019078282097e-56,intercept,full,muestra completa,1000,0,M0,M0: solo arquetipo,adoption_stage ~ macro_archetype_5 + (1 | participant_id),Knowledge|Considering,Umbral de etapa,TRUE
Considering|Done,0.5968793505874105,0.07480546844954299,7.979087130374852,1.4741948723599785e-15,intercept,full,muestra completa,1000,0,M0,M0: solo arquetipo,adoption_stage ~ macro_archetype_5 + (1 | participant_id),Considering|Done,Umbral de etapa,TRUE
macro_archetype_5G2_EarlyAdopter_Influencer,0.6274706984697527,0.09519047387339762,6.591738363486692,4.3470618520555604e-11,location,full,muestra completa,1000,0,M0,M0: solo arquetipo,adoption_stage ~ macro_archetype_5 + (1 | participant_id),Arquetipo: G2 EarlyAdopter Influencer,Arquetipo,TRUE
macro_archetype_5G3_Fearful_Careful,-1.08930525096871,0.1053231798997318,-10.342502495706396,4.525624441240046e-25,location,full,muestra completa,1000,0,M0,M0: solo arquetipo,adoption_stage ~ macro_archetype_5 + (1 | participant_id),Arquetipo: G3 Fearful Careful,Arquetipo,TRUE
macro_archetype_5G4_HomoEconomicus,-0.5800495756385172,0.13183086026311616,-4.399952897833015,1.0827437747805086e-5,location,full,muestra completa,1000,0,M0,M0: solo arquetipo,adoption_stage ~ macro_archetype_5 + (1 | participant_id),Arquetipo: G4 HomoEconomicus,Arquetipo,TRUE
macro_archetype_5G5_Uninterested,-1.8510345641120056,0.14386453712514888,-12.866510406951619,6.947051666164848e-38,location,full,muestra completa,1000,0,M0,M0: solo arquetipo,adoption_stage ~ macro_archetype_5 + (1 | participant_id),Arquetipo: G5 Uninterested,Arquetipo,TRUE
Knowledge|Considering,2.948667774314815,0.55251568287448,5.336803760889246,9.45993279788746e-8,intercept,full,muestra completa,1000,0,M1,M1: arquetipo + dimensiones,adoption_stage ~ macro_archetype_5 + z_FINANCIAL + z_SECURITY +      z_COMPETENCE + z_AUTONOMY + z_PHYSIOLOGICAL + z_RELATEDNESS +      z_STIMULATION + z_POPULARITY + z_MEANING + (1 | participant_id),Knowledge|Considering,Umbral de etapa,TRUE
Considering|Done,6.642104661182359,0.5907089447703574,11.244293352904158,2.470672678010754e-29,intercept,full,muestra completa,1000,0,M1,M1: arquetipo + dimensiones,adoption_stage ~ macro_archetype_5 + z_FINANCIAL + z_SECURITY +      z_COMPETENCE + z_AUTONOMY + z_PHYSIOLOGICAL + z_RELATEDNESS +      z_STIMULATION + z_POPULARITY + z_MEANING + (1 | participant_id),Considering|Done,Umbral de etapa,TRUE
macro_archetype_5G2_EarlyAdopter_Influencer,1.7455310635876382,0.1538538370465895,11.345385315668548,7.818110085378922e-30,location,full,muestra completa,1000,0,M1,M1: arquetipo + dimensiones,adoption_stage ~ macro_archetype_5 + z_FINANCIAL + z_SECURITY +      z_COMPETENCE + z_AUTONOMY + z_PHYSIOLOGICAL + z_RELATEDNESS +      z_STIMULATION + z_POPULARITY + z_MEANING + (1 | participant_id),Arquetipo: G2 EarlyAdopter Influencer,Arquetipo,TRUE
macro_archetype_5G3_Fearful_Careful,5.798245893600152,0.27355366722225094,21.196008638733836,1.0394744799421325e-99,location,full,muestra completa,1000,0,M1,M1: arquetipo + dimensiones,adoption_stage ~ macro_archetype_5 + z_FINANCIAL + z_SECURITY +      z_COMPETENCE + z_AUTONOMY + z_PHYSIOLOGICAL + z_RELATEDNESS +      z_STIMULATION + z_POPULARITY + z_MEANING + (1 | participant_id),Arquetipo: G3 Fearful Careful,Arquetipo,TRUE
macro_archetype_5G4_HomoEconomicus,5.461159305622076,0.3127437848168552,17.462087404295392,2.785595233412593e-68,location,full,muestra completa,1000,0,M1,M1: arquetipo + dimensiones,adoption_stage ~ macro_archetype_5 + z_FINANCIAL + z_SECURITY +      z_COMPETENCE + z_AUTONOMY + z_PHYSIOLOGICAL + z_RELATEDNESS +      z_STIMULATION + z_POPULARITY + z_MEANING + (1 | participant_id),Arquetipo: G4 HomoEconomicus,Arquetipo,TRUE
macro_archetype_5G5_Uninterested,3.694505827190109,0.2692463406542121,13.721656599726611,7.532447159749172e-43,location,full,muestra completa,1000,0,M1,M1: arquetipo + dimensiones,adoption_stage ~ macro_archetype_5 + z_FINANCIAL + z_SECURITY +      z_COMPETENCE + z_AUTONOMY + z_PHYSIOLOGICAL + z_RELATEDNESS +      z_STIMULATION + z_POPULARITY + z_MEANING + (1 | participant_id),Arquetipo: G5 Uninterested,Arquetipo,TRUE
z_FINANCIAL,-0.012948918789351263,0.006391037000535413,-2.02610605888629,0.0427539173504079,location,full,muestra completa,1000,0,M1,M1: arquetipo + dimensiones,adoption_stage ~ macro_archetype_5 + z_FINANCIAL + z_SECURITY +      z_COMPETENCE + z_AUTONOMY + z_PHYSIOLOGICAL + z_RELATEDNESS +      z_STIMULATION + z_POPULARITY + z_MEANING + (1 | participant_id),Dimensión: Seguridad financiera,Dimensión,TRUE
z_SECURITY,-0.1395827288346865,0.007188969097005511,-19.416237147663942,5.62645209814087e-84,location,full,muestra completa,1000,0,M1,M1: arquetipo + dimensiones,adoption_stage ~ macro_archetype_5 + z_FINANCIAL + z_SECURITY +      z_COMPETENCE + z_AUTONOMY + z_PHYSIOLOGICAL + z_RELATEDNESS +      z_STIMULATION + z_POPULARITY + z_MEANING + (1 | participant_id),Dimensión: Seguridad,Dimensión,TRUE
z_COMPETENCE,-0.03566806049264591,0.0063545892089930936,-5.612960857039827,1.9889360348067784e-8,location,full,muestra completa,1000,0,M1,M1: arquetipo + dimensiones,adoption_stage ~ macro_archetype_5 + z_FINANCIAL + z_SECURITY +      z_COMPETENCE + z_AUTONOMY + z_PHYSIOLOGICAL + z_RELATEDNESS +      z_STIMULATION + z_POPULARITY + z_MEANING + (1 | participant_id),Dimensión: Competencia,Dimensión,TRUE
z_AUTONOMY,0.19869346484093411,0.007756726667064882,25.61563316193518,1.0216406403048516e-144,location,full,muestra completa,1000,0,M1,M1: arquetipo + dimensiones,adoption_stage ~ macro_archetype_5 + z_FINANCIAL + z_SECURITY +      z_COMPETENCE + z_AUTONOMY + z_PHYSIOLOGICAL + z_RELATEDNESS +      z_STIMULATION + z_POPULARITY + z_MEANING + (1 | participant_id),Dimensión: Autonomía,Dimensión,TRUE
z_PHYSIOLOGICAL,-0.050723110572803896,0.004437286219893597,-11.431110831976081,2.9234478014785794e-30,location,full,muestra completa,1000,0,M1,M1: arquetipo + dimensiones,adoption_stage ~ macro_archetype_5 + z_FINANCIAL + z_SECURITY +      z_COMPETENCE + z_AUTONOMY + z_PHYSIOLOGICAL + z_RELATEDNESS +      z_STIMULATION + z_POPULARITY + z_MEANING + (1 | participant_id),Dimensión: Materialidad,Dimensión,TRUE
z_RELATEDNESS,-0.014355546416431091,0.007404463265560717,-1.9387693478338826,0.05252943009537701,location,full,muestra completa,1000,0,M1,M1: arquetipo + dimensiones,adoption_stage ~ macro_archetype_5 + z_FINANCIAL + z_SECURITY +      z_COMPETENCE + z_AUTONOMY + z_PHYSIOLOGICAL + z_RELATEDNESS +      z_STIMULATION + z_POPULARITY + z_MEANING + (1 | participant_id),Dimensión: Vinculación,Dimensión,FALSE
z_STIMULATION,0.02190891592652942,0.005816831496266847,3.7664690717945373,1.655725840697743e-4,location,full,muestra completa,1000,0,M1,M1: arquetipo + dimensiones,adoption_stage ~ macro_archetype_5 + z_FINANCIAL + z_SECURITY +      z_COMPETENCE + z_AUTONOMY + z_PHYSIOLOGICAL + z_RELATEDNESS +      z_STIMULATION + z_POPULARITY + z_MEANING + (1 | participant_id),Dimensión: Estímulo,Dimensión,TRUE
z_POPULARITY,0.01741548002307604,0.005338797800170335,3.262060238078393,0.0011060563738689738,location,full,muestra completa,1000,0,M1,M1: arquetipo + dimensiones,adoption_stage ~ macro_archetype_5 + z_FINANCIAL + z_SECURITY +      z_COMPETENCE + z_AUTONOMY + z_PHYSIOLOGICAL + z_RELATEDNESS +      z_STIMULATION + z_POPULARITY + z_MEANING + (1 | participant_id),Dimensión: Popularidad,Dimensión,TRUE
z_MEANING,0.08440320934750134,0.006691235723577655,12.613994310511725,1.7680016093429812e-36,location,full,muestra completa,1000,0,M1,M1: arquetipo + dimensiones,adoption_stage ~ macro_archetype_5 + z_FINANCIAL + z_SECURITY +      z_COMPETENCE + z_AUTONOMY + z_PHYSIOLOGICAL + z_RELATEDNESS +      z_STIMULATION + z_POPULARITY + z_MEANING + (1 | participant_id),Dimensión: Significado,Dimensión,TRUE
Knowledge|Considering,6.136619757034947,1.0425541363004955,5.886140146938315,3.953191307935424e-9,intercept,full,muestra completa,1000,0,M2_REDUCED,M2 reducido: interacciones teóricas,adoption_stage ~ macro_archetype_5 + z_FINANCIAL + z_SECURITY +      z_COMPETENCE + z_AUTONOMY + z_PHYSIOLOGICAL + z_RELATEDNESS +      z_STIMULATION + z_POPULARITY + z_MEANING + macro_archetype_5:(z_STIMULATION +      z_PHYSIOLOGICAL + z_FINANCIAL + z_AUTONOMY + z_MEANING) +      (1 | participant_id),Knowledge|Considering,Umbral de etapa,TRUE
Considering|Done,10.847273271132735,1.0912894001131672,9.939868626972705,2.7919509878054155e-23,intercept,full,muestra completa,1000,0,M2_REDUCED,M2 reducido: interacciones teóricas,adoption_stage ~ macro_archetype_5 + z_FINANCIAL + z_SECURITY +      z_COMPETENCE + z_AUTONOMY + z_PHYSIOLOGICAL + z_RELATEDNESS +      z_STIMULATION + z_POPULARITY + z_MEANING + macro_archetype_5:(z_STIMULATION +      z_PHYSIOLOGICAL + z_FINANCIAL + z_AUTONOMY + z_MEANING) +      (1 | participant_id),Considering|Done,Umbral de etapa,TRUE
macro_archetype_5G2_EarlyAdopter_Influencer,2.7530076219404345,1.3147918377565435,2.0938733743874987,0.03627126168029853,location,full,muestra completa,1000,0,M2_REDUCED,M2 reducido: interacciones teóricas,adoption_stage ~ macro_archetype_5 + z_FINANCIAL + z_SECURITY +      z_COMPETENCE + z_AUTONOMY + z_PHYSIOLOGICAL + z_RELATEDNESS +      z_STIMULATION + z_POPULARITY + z_MEANING + macro_archetype_5:(z_STIMULATION +      z_PHYSIOLOGICAL + z_FINANCIAL + z_AUTONOMY + z_MEANING) +      (1 | participant_id),Arquetipo: G2 EarlyAdopter Influencer,Arquetipo,TRUE
macro_archetype_5G3_Fearful_Careful,14.99690744562288,1.496001045896845,10.024663743889505,1.1876316356277626e-23,location,full,muestra completa,1000,0,M2_REDUCED,M2 reducido: interacciones teóricas,adoption_stage ~ macro_archetype_5 + z_FINANCIAL + z_SECURITY +      z_COMPETENCE + z_AUTONOMY + z_PHYSIOLOGICAL + z_RELATEDNESS +      z_STIMULATION + z_POPULARITY + z_MEANING + macro_archetype_5:(z_STIMULATION +      z_PHYSIOLOGICAL + z_FINANCIAL + z_AUTONOMY + z_MEANING) +      (1 | participant_id),Arquetipo: G3 Fearful Careful,Arquetipo,TRUE
macro_archetype_5G4_HomoEconomicus,14.181310338179074,2.0594442058374924,6.885989092582438,5.738738802463112e-12,location,full,muestra completa,1000,0,M2_REDUCED,M2 reducido: interacciones teóricas,adoption_stage ~ macro_archetype_5 + z_FINANCIAL + z_SECURITY +      z_COMPETENCE + z_AUTONOMY + z_PHYSIOLOGICAL + z_RELATEDNESS +      z_STIMULATION + z_POPULARITY + z_MEANING + macro_archetype_5:(z_STIMULATION +      z_PHYSIOLOGICAL + z_FINANCIAL + z_AUTONOMY + z_MEANING) +      (1 | participant_id),Arquetipo: G4 HomoEconomicus,Arquetipo,TRUE
macro_archetype_5G5_Uninterested,15.504282508208084,2.039018445534432,7.60379708293633,2.875660303344735e-14,location,full,muestra completa,1000,0,M2_REDUCED,M2 reducido: interacciones teóricas,adoption_stage ~ macro_archetype_5 + z_FINANCIAL + z_SECURITY +      z_COMPETENCE + z_AUTONOMY + z_PHYSIOLOGICAL + z_RELATEDNESS +      z_STIMULATION + z_POPULARITY + z_MEANING + macro_archetype_5:(z_STIMULATION +      z_PHYSIOLOGICAL + z_FINANCIAL + z_AUTONOMY + z_MEANING) +      (1 | participant_id),Arquetipo: G5 Uninterested,Arquetipo,TRUE
z_FINANCIAL,-0.0788201291207337,0.013271871213889954,-5.938885922750882,2.869654520088017e-9,location,full,muestra completa,1000,0,M2_REDUCED,M2 reducido: interacciones teóricas,adoption_stage ~ macro_archetype_5 + z_FINANCIAL + z_SECURITY +      z_COMPETENCE + z_AUTONOMY + z_PHYSIOLOGICAL + z_RELATEDNESS +      z_STIMULATION + z_POPULARITY + z_MEANING + macro_archetype_5:(z_STIMULATION +      z_PHYSIOLOGICAL + z_FINANCIAL + z_AUTONOMY + z_MEANING) +      (1 | participant_id),Dimensión: Seguridad financiera,Dimensión,TRUE
z_SECURITY,-0.14134031582898385,0.00848615824184797,-16.65539479714029,2.7651347361724672e-62,location,full,muestra completa,1000,0,M2_REDUCED,M2 reducido: interacciones teóricas,adoption_stage ~ macro_archetype_5 + z_FINANCIAL + z_SECURITY +      z_COMPETENCE + z_AUTONOMY + z_PHYSIOLOGICAL + z_RELATEDNESS +      z_STIMULATION + z_POPULARITY + z_MEANING + macro_archetype_5:(z_STIMULATION +      z_PHYSIOLOGICAL + z_FINANCIAL + z_AUTONOMY + z_MEANING) +      (1 | participant_id),Dimensión: Seguridad,Dimensión,TRUE
z_COMPETENCE,-0.044235115706098234,0.0076471286491633025,-5.784539234989611,7.2711351554658915e-9,location,full,muestra completa,1000,0,M2_REDUCED,M2 reducido: interacciones teóricas,adoption_stage ~ macro_archetype_5 + z_FINANCIAL + z_SECURITY +      z_COMPETENCE + z_AUTONOMY + z_PHYSIOLOGICAL + z_RELATEDNESS +      z_STIMULATION + z_POPULARITY + z_MEANING + macro_archetype_5:(z_STIMULATION +      z_PHYSIOLOGICAL + z_FINANCIAL + z_AUTONOMY + z_MEANING) +      (1 | participant_id),Dimensión: Competencia,Dimensión,TRUE
z_AUTONOMY,0.21797399698063494,0.01375632316231005,15.845367574516281,1.5133351373567871e-56,location,full,muestra completa,1000,0,M2_REDUCED,M2 reducido: interacciones teóricas,adoption_stage ~ macro_archetype_5 + z_FINANCIAL + z_SECURITY +      z_COMPETENCE + z_AUTONOMY + z_PHYSIOLOGICAL + z_RELATEDNESS +      z_STIMULATION + z_POPULARITY + z_MEANING + macro_archetype_5:(z_STIMULATION +      z_PHYSIOLOGICAL + z_FINANCIAL + z_AUTONOMY + z_MEANING) +      (1 | participant_id),Dimensión: Autonomía,Dimensión,TRUE
z_PHYSIOLOGICAL,0.05702300322295488,0.011636816418678744,4.900223666966582,9.572761209350862e-7,location,full,muestra completa,1000,0,M2_REDUCED,M2 reducido: interacciones teóricas,adoption_stage ~ macro_archetype_5 + z_FINANCIAL + z_SECURITY +      z_COMPETENCE + z_AUTONOMY + z_PHYSIOLOGICAL + z_RELATEDNESS +      z_STIMULATION + z_POPULARITY + z_MEANING + macro_archetype_5:(z_STIMULATION +      z_PHYSIOLOGICAL + z_FINANCIAL + z_AUTONOMY + z_MEANING) +      (1 | participant_id),Dimensión: Materialidad,Dimensión,TRUE
z_RELATEDNESS,-0.01847089551644087,0.008510082969836616,-2.1704718487363337,0.02997111900273541,location,full,muestra completa,1000,0,M2_REDUCED,M2 reducido: interacciones teóricas,adoption_stage ~ macro_archetype_5 + z_FINANCIAL + z_SECURITY +      z_COMPETENCE + z_AUTONOMY + z_PHYSIOLOGICAL + z_RELATEDNESS +      z_STIMULATION + z_POPULARITY + z_MEANING + macro_archetype_5:(z_STIMULATION +      z_PHYSIOLOGICAL + z_FINANCIAL + z_AUTONOMY + z_MEANING) +      (1 | participant_id),Dimensión: Vinculación,Dimensión,TRUE
z_STIMULATION,-0.00434013703829573,0.012830688235673805,-0.3382622162253643,0.7351655943004788,location,full,muestra completa,1000,0,M2_REDUCED,M2 reducido: interacciones teóricas,adoption_stage ~ macro_archetype_5 + z_FINANCIAL + z_SECURITY +      z_COMPETENCE + z_AUTONOMY + z_PHYSIOLOGICAL + z_RELATEDNESS +      z_STIMULATION + z_POPULARITY + z_MEANING + macro_archetype_5:(z_STIMULATION +      z_PHYSIOLOGICAL + z_FINANCIAL + z_AUTONOMY + z_MEANING) +      (1 | participant_id),Dimensión: Estímulo,Dimensión,FALSE
z_POPULARITY,0.009788592053139625,0.006206467357180465,1.577159999369832,0.1147587144026105,location,full,muestra completa,1000,0,M2_REDUCED,M2 reducido: interacciones teóricas,adoption_stage ~ macro_archetype_5 + z_FINANCIAL + z_SECURITY +      z_COMPETENCE + z_AUTONOMY + z_PHYSIOLOGICAL + z_RELATEDNESS +      z_STIMULATION + z_POPULARITY + z_MEANING + macro_archetype_5:(z_STIMULATION +      z_PHYSIOLOGICAL + z_FINANCIAL + z_AUTONOMY + z_MEANING) +      (1 | participant_id),Dimensión: Popularidad,Dimensión,FALSE
z_MEANING,0.1481328333485054,0.015301692747371193,9.680813475617226,3.6380957151384536e-22,location,full,muestra completa,1000,0,M2_REDUCED,M2 reducido: interacciones teóricas,adoption_stage ~ macro_archetype_5 + z_FINANCIAL + z_SECURITY +      z_COMPETENCE + z_AUTONOMY + z_PHYSIOLOGICAL + z_RELATEDNESS +      z_STIMULATION + z_POPULARITY + z_MEANING + macro_archetype_5:(z_STIMULATION +      z_PHYSIOLOGICAL + z_FINANCIAL + z_AUTONOMY + z_MEANING) +      (1 | participant_id),Dimensión: Significado,Dimensión,TRUE
macro_archetype_5G2_EarlyAdopter_Influencer:z_STIMULATION,-0.07479286042555913,0.01748686649376866,-4.277087633293885,1.8935427604685192e-5,location,full,muestra completa,1000,0,M2_REDUCED,M2 reducido: interacciones teóricas,adoption_stage ~ macro_archetype_5 + z_FINANCIAL + z_SECURITY +      z_COMPETENCE + z_AUTONOMY + z_PHYSIOLOGICAL + z_RELATEDNESS +      z_STIMULATION + z_POPULARITY + z_MEANING + macro_archetype_5:(z_STIMULATION +      z_PHYSIOLOGICAL + z_FINANCIAL + z_AUTONOMY + z_MEANING) +      (1 | participant_id),Arquetipo: G2 EarlyAdopter Influencer x Dimensión: Estímulo,Interacción,TRUE
macro_archetype_5G3_Fearful_Careful:z_STIMULATION,0.09951033843811005,0.019524770495478877,5.096620134979435,3.4577116854708276e-7,location,full,muestra completa,1000,0,M2_REDUCED,M2 reducido: interacciones teóricas,adoption_stage ~ macro_archetype_5 + z_FINANCIAL + z_SECURITY +      z_COMPETENCE + z_AUTONOMY + z_PHYSIOLOGICAL + z_RELATEDNESS +      z_STIMULATION + z_POPULARITY + z_MEANING + macro_archetype_5:(z_STIMULATION +      z_PHYSIOLOGICAL + z_FINANCIAL + z_AUTONOMY + z_MEANING) +      (1 | participant_id),Arquetipo: G3 Fearful Careful x Dimensión: Estímulo,Interacción,TRUE
macro_archetype_5G4_HomoEconomicus:z_STIMULATION,0.17125038313524887,0.02635851928991288,6.496965222199888,8.195639807063923e-11,location,full,muestra completa,1000,0,M2_REDUCED,M2 reducido: interacciones teóricas,adoption_stage ~ macro_archetype_5 + z_FINANCIAL + z_SECURITY +      z_COMPETENCE + z_AUTONOMY + z_PHYSIOLOGICAL + z_RELATEDNESS +      z_STIMULATION + z_POPULARITY + z_MEANING + macro_archetype_5:(z_STIMULATION +      z_PHYSIOLOGICAL + z_FINANCIAL + z_AUTONOMY + z_MEANING) +      (1 | participant_id),Arquetipo: G4 HomoEconomicus x Dimensión: Estímulo,Interacción,TRUE
macro_archetype_5G5_Uninterested:z_STIMULATION,0.06337606229399784,0.02833317843187706,2.2368144275227086,0.02529847119797392,location,full,muestra completa,1000,0,M2_REDUCED,M2 reducido: interacciones teóricas,adoption_stage ~ macro_archetype_5 + z_FINANCIAL + z_SECURITY +      z_COMPETENCE + z_AUTONOMY + z_PHYSIOLOGICAL + z_RELATEDNESS +      z_STIMULATION + z_POPULARITY + z_MEANING + macro_archetype_5:(z_STIMULATION +      z_PHYSIOLOGICAL + z_FINANCIAL + z_AUTONOMY + z_MEANING) +      (1 | participant_id),Arquetipo: G5 Uninterested x Dimensión: Estímulo,Interacción,TRUE
macro_archetype_5G2_EarlyAdopter_Influencer:z_PHYSIOLOGICAL,-0.08997161339597844,0.015202911116861088,-5.918051661579054,3.2577764992058152e-9,location,full,muestra completa,1000,0,M2_REDUCED,M2 reducido: interacciones teóricas,adoption_stage ~ macro_archetype_5 + z_FINANCIAL + z_SECURITY +      z_COMPETENCE + z_AUTONOMY + z_PHYSIOLOGICAL + z_RELATEDNESS +      z_STIMULATION + z_POPULARITY + z_MEANING + macro_archetype_5:(z_STIMULATION +      z_PHYSIOLOGICAL + z_FINANCIAL + z_AUTONOMY + z_MEANING) +      (1 | participant_id),Arquetipo: G2 EarlyAdopter Influencer x Dimensión: Materialidad,Interacción,TRUE
macro_archetype_5G3_Fearful_Careful:z_PHYSIOLOGICAL,-0.17063179632247055,0.01709983250526671,-9.978565361380959,1.8918224032158642e-23,location,full,muestra completa,1000,0,M2_REDUCED,M2 reducido: interacciones teóricas,adoption_stage ~ macro_archetype_5 + z_FINANCIAL + z_SECURITY +      z_COMPETENCE + z_AUTONOMY + z_PHYSIOLOGICAL + z_RELATEDNESS +      z_STIMULATION + z_POPULARITY + z_MEANING + macro_archetype_5:(z_STIMULATION +      z_PHYSIOLOGICAL + z_FINANCIAL + z_AUTONOMY + z_MEANING) +      (1 | participant_id),Arquetipo: G3 Fearful Careful x Dimensión: Materialidad,Interacción,TRUE
macro_archetype_5G4_HomoEconomicus:z_PHYSIOLOGICAL,-0.07085950110274598,0.023520513817785367,-3.012668075693337,0.0025896198962136623,location,full,muestra completa,1000,0,M2_REDUCED,M2 reducido: interacciones teóricas,adoption_stage ~ macro_archetype_5 + z_FINANCIAL + z_SECURITY +      z_COMPETENCE + z_AUTONOMY + z_PHYSIOLOGICAL + z_RELATEDNESS +      z_STIMULATION + z_POPULARITY + z_MEANING + macro_archetype_5:(z_STIMULATION +      z_PHYSIOLOGICAL + z_FINANCIAL + z_AUTONOMY + z_MEANING) +      (1 | participant_id),Arquetipo: G4 HomoEconomicus x Dimensión: Materialidad,Interacción,TRUE
macro_archetype_5G5_Uninterested:z_PHYSIOLOGICAL,-0.20176026317508758,0.01758546627869207,-11.473125590053654,1.800367637990147e-30,location,full,muestra completa,1000,0,M2_REDUCED,M2 reducido: interacciones teóricas,adoption_stage ~ macro_archetype_5 + z_FINANCIAL + z_SECURITY +      z_COMPETENCE + z_AUTONOMY + z_PHYSIOLOGICAL + z_RELATEDNESS +      z_STIMULATION + z_POPULARITY + z_MEANING + macro_archetype_5:(z_STIMULATION +      z_PHYSIOLOGICAL + z_FINANCIAL + z_AUTONOMY + z_MEANING) +      (1 | participant_id),Arquetipo: G5 Uninterested x Dimensión: Materialidad,Interacción,TRUE
macro_archetype_5G2_EarlyAdopter_Influencer:z_FINANCIAL,0.19304876711003954,0.019033330534272818,10.14266876532311,3.572050680181556e-24,location,full,muestra completa,1000,0,M2_REDUCED,M2 reducido: interacciones teóricas,adoption_stage ~ macro_archetype_5 + z_FINANCIAL + z_SECURITY +      z_COMPETENCE + z_AUTONOMY + z_PHYSIOLOGICAL + z_RELATEDNESS +      z_STIMULATION + z_POPULARITY + z_MEANING + macro_archetype_5:(z_STIMULATION +      z_PHYSIOLOGICAL + z_FINANCIAL + z_AUTONOMY + z_MEANING) +      (1 | participant_id),Arquetipo: G2 EarlyAdopter Influencer x Dimensión: Seguridad financiera,Interacción,TRUE
macro_archetype_5G3_Fearful_Careful:z_FINANCIAL,0.06217262744242073,0.02031374420834248,3.0606188009834043,0.002208801137264967,location,full,muestra completa,1000,0,M2_REDUCED,M2 reducido: interacciones teóricas,adoption_stage ~ macro_archetype_5 + z_FINANCIAL + z_SECURITY +      z_COMPETENCE + z_AUTONOMY + z_PHYSIOLOGICAL + z_RELATEDNESS +      z_STIMULATION + z_POPULARITY + z_MEANING + macro_archetype_5:(z_STIMULATION +      z_PHYSIOLOGICAL + z_FINANCIAL + z_AUTONOMY + z_MEANING) +      (1 | participant_id),Arquetipo: G3 Fearful Careful x Dimensión: Seguridad financiera,Interacción,TRUE
macro_archetype_5G4_HomoEconomicus:z_FINANCIAL,-0.09321763047322054,0.026199006644713037,-3.5580597286512723,3.736043700991666e-4,location,full,muestra completa,1000,0,M2_REDUCED,M2 reducido: interacciones teóricas,adoption_stage ~ macro_archetype_5 + z_FINANCIAL + z_SECURITY +      z_COMPETENCE + z_AUTONOMY + z_PHYSIOLOGICAL + z_RELATEDNESS +      z_STIMULATION + z_POPULARITY + z_MEANING + macro_archetype_5:(z_STIMULATION +      z_PHYSIOLOGICAL + z_FINANCIAL + z_AUTONOMY + z_MEANING) +      (1 | participant_id),Arquetipo: G4 HomoEconomicus x Dimensión: Seguridad financiera,Interacción,TRUE
macro_archetype_5G5_Uninterested:z_FINANCIAL,0.12233535759025796,0.032234741357583356,3.7951400395361965,1.4756014272820892e-4,location,full,muestra completa,1000,0,M2_REDUCED,M2 reducido: interacciones teóricas,adoption_stage ~ macro_archetype_5 + z_FINANCIAL + z_SECURITY +      z_COMPETENCE + z_AUTONOMY + z_PHYSIOLOGICAL + z_RELATEDNESS +      z_STIMULATION + z_POPULARITY + z_MEANING + macro_archetype_5:(z_STIMULATION +      z_PHYSIOLOGICAL + z_FINANCIAL + z_AUTONOMY + z_MEANING) +      (1 | participant_id),Arquetipo: G5 Uninterested x Dimensión: Seguridad financiera,Interacción,TRUE
macro_archetype_5G2_EarlyAdopter_Influencer:z_AUTONOMY,-0.029201477642066976,0.01624625962777987,-1.7974277348205534,0.07226774099502813,location,full,muestra completa,1000,0,M2_REDUCED,M2 reducido: interacciones teóricas,adoption_stage ~ macro_archetype_5 + z_FINANCIAL + z_SECURITY +      z_COMPETENCE + z_AUTONOMY + z_PHYSIOLOGICAL + z_RELATEDNESS +      z_STIMULATION + z_POPULARITY + z_MEANING + macro_archetype_5:(z_STIMULATION +      z_PHYSIOLOGICAL + z_FINANCIAL + z_AUTONOMY + z_MEANING) +      (1 | participant_id),Arquetipo: G2 EarlyAdopter Influencer x Dimensión: Autonomía,Interacción,FALSE
macro_archetype_5G3_Fearful_Careful:z_AUTONOMY,-0.024475157203910403,0.017755430744496727,-1.3784603458013232,0.16806120286843187,location,full,muestra completa,1000,0,M2_REDUCED,M2 reducido: interacciones teóricas,adoption_stage ~ macro_archetype_5 + z_FINANCIAL + z_SECURITY +      z_COMPETENCE + z_AUTONOMY + z_PHYSIOLOGICAL + z_RELATEDNESS +      z_STIMULATION + z_POPULARITY + z_MEANING + macro_archetype_5:(z_STIMULATION +      z_PHYSIOLOGICAL + z_FINANCIAL + z_AUTONOMY + z_MEANING) +      (1 | participant_id),Arquetipo: G3 Fearful Careful x Dimensión: Autonomía,Interacción,FALSE
macro_archetype_5G4_HomoEconomicus:z_AUTONOMY,0.00899778133773464,0.02650667867892991,0.3394533674596868,0.7342682210944773,location,full,muestra completa,1000,0,M2_REDUCED,M2 reducido: interacciones teóricas,adoption_stage ~ macro_archetype_5 + z_FINANCIAL + z_SECURITY +      z_COMPETENCE + z_AUTONOMY + z_PHYSIOLOGICAL + z_RELATEDNESS +      z_STIMULATION + z_POPULARITY + z_MEANING + macro_archetype_5:(z_STIMULATION +      z_PHYSIOLOGICAL + z_FINANCIAL + z_AUTONOMY + z_MEANING) +      (1 | participant_id),Arquetipo: G4 HomoEconomicus x Dimensión: Autonomía,Interacción,FALSE
macro_archetype_5G5_Uninterested:z_AUTONOMY,-0.07518943602462644,0.03090305098776999,-2.4330748460526754,0.014971205834314475,location,full,muestra completa,1000,0,M2_REDUCED,M2 reducido: interacciones teóricas,adoption_stage ~ macro_archetype_5 + z_FINANCIAL + z_SECURITY +      z_COMPETENCE + z_AUTONOMY + z_PHYSIOLOGICAL + z_RELATEDNESS +      z_STIMULATION + z_POPULARITY + z_MEANING + macro_archetype_5:(z_STIMULATION +      z_PHYSIOLOGICAL + z_FINANCIAL + z_AUTONOMY + z_MEANING) +      (1 | participant_id),Arquetipo: G5 Uninterested x Dimensión: Autonomía,Interacción,TRUE
macro_archetype_5G2_EarlyAdopter_Influencer:z_MEANING,-0.013534098003559763,0.018240776494575426,-0.7419694006768095,0.4581058753201342,location,full,muestra completa,1000,0,M2_REDUCED,M2 reducido: interacciones teóricas,adoption_stage ~ macro_archetype_5 + z_FINANCIAL + z_SECURITY +      z_COMPETENCE + z_AUTONOMY + z_PHYSIOLOGICAL + z_RELATEDNESS +      z_STIMULATION + z_POPULARITY + z_MEANING + macro_archetype_5:(z_STIMULATION +      z_PHYSIOLOGICAL + z_FINANCIAL + z_AUTONOMY + z_MEANING) +      (1 | participant_id),Arquetipo: G2 EarlyAdopter Influencer x Dimensión: Significado,Interacción,FALSE
macro_archetype_5G3_Fearful_Careful:z_MEANING,-0.15116194841309163,0.02292006146220664,-6.595180761724643,4.247380409122423e-11,location,full,muestra completa,1000,0,M2_REDUCED,M2 reducido: interacciones teóricas,adoption_stage ~ macro_archetype_5 + z_FINANCIAL + z_SECURITY +      z_COMPETENCE + z_AUTONOMY + z_PHYSIOLOGICAL + z_RELATEDNESS +      z_STIMULATION + z_POPULARITY + z_MEANING + macro_archetype_5:(z_STIMULATION +      z_PHYSIOLOGICAL + z_FINANCIAL + z_AUTONOMY + z_MEANING) +      (1 | participant_id),Arquetipo: G3 Fearful Careful x Dimensión: Significado,Interacción,TRUE
macro_archetype_5G4_HomoEconomicus:z_MEANING,-0.1416060961381308,0.028954659428767238,-4.890615152511216,1.0052133091513928e-6,location,full,muestra completa,1000,0,M2_REDUCED,M2 reducido: interacciones teóricas,adoption_stage ~ macro_archetype_5 + z_FINANCIAL + z_SECURITY +      z_COMPETENCE + z_AUTONOMY + z_PHYSIOLOGICAL + z_RELATEDNESS +      z_STIMULATION + z_POPULARITY + z_MEANING + macro_archetype_5:(z_STIMULATION +      z_PHYSIOLOGICAL + z_FINANCIAL + z_AUTONOMY + z_MEANING) +      (1 | participant_id),Arquetipo: G4 HomoEconomicus x Dimensión: Significado,Interacción,TRUE
macro_archetype_5G5_Uninterested:z_MEANING,-0.15455697601322502,0.034204549325496526,-4.5186087541289774,6.224729790201755e-6,location,full,muestra completa,1000,0,M2_REDUCED,M2 reducido: interacciones teóricas,adoption_stage ~ macro_archetype_5 + z_FINANCIAL + z_SECURITY +      z_COMPETENCE + z_AUTONOMY + z_PHYSIOLOGICAL + z_RELATEDNESS +      z_STIMULATION + z_POPULARITY + z_MEANING + macro_archetype_5:(z_STIMULATION +      z_PHYSIOLOGICAL + z_FINANCIAL + z_AUTONOMY + z_MEANING) +      (1 | participant_id),Arquetipo: G5 Uninterested x Dimensión: Significado,Interacción,TRUE
Knowledge|Considering,8.044732127146714,1.2466926509414764,6.452859187925347,1.0975933627219841e-10,intercept,full,muestra completa,1000,0,M2_FULL,M2 completo: interacción arquetipo x todas las dimensiones,adoption_stage ~ macro_archetype_5 * (z_FINANCIAL + z_SECURITY +      z_COMPETENCE + z_AUTONOMY + z_PHYSIOLOGICAL + z_RELATEDNESS +      z_STIMULATION + z_POPULARITY + z_MEANING) + (1 | participant_id),Knowledge|Considering,Umbral de etapa,TRUE
Considering|Done,13.106407640221088,1.3058590631883658,10.03661728105687,1.0522075186202241e-23,intercept,full,muestra completa,1000,0,M2_FULL,M2 completo: interacción arquetipo x todas las dimensiones,adoption_stage ~ macro_archetype_5 * (z_FINANCIAL + z_SECURITY +      z_COMPETENCE + z_AUTONOMY + z_PHYSIOLOGICAL + z_RELATEDNESS +      z_STIMULATION + z_POPULARITY + z_MEANING) + (1 | participant_id),Considering|Done,Umbral de etapa,TRUE
macro_archetype_5G2_EarlyAdopter_Influencer,9.300875038388442,1.6935037959372308,5.492089867587859,3.972051713883088e-8,location,full,muestra completa,1000,0,M2_FULL,M2 completo: interacción arquetipo x todas las dimensiones,adoption_stage ~ macro_archetype_5 * (z_FINANCIAL + z_SECURITY +      z_COMPETENCE + z_AUTONOMY + z_PHYSIOLOGICAL + z_RELATEDNESS +      z_STIMULATION + z_POPULARITY + z_MEANING) + (1 | participant_id),Arquetipo: G2 EarlyAdopter Influencer,Arquetipo,TRUE
macro_archetype_5G3_Fearful_Careful,17.729130525633167,1.956605820874109,9.061166197345115,1.2906318567722916e-19,location,full,muestra completa,1000,0,M2_FULL,M2 completo: interacción arquetipo x todas las dimensiones,adoption_stage ~ macro_archetype_5 * (z_FINANCIAL + z_SECURITY +      z_COMPETENCE + z_AUTONOMY + z_PHYSIOLOGICAL + z_RELATEDNESS +      z_STIMULATION + z_POPULARITY + z_MEANING) + (1 | participant_id),Arquetipo: G3 Fearful Careful,Arquetipo,TRUE
macro_archetype_5G4_HomoEconomicus,13.479206562697128,2.4120597842529725,5.588255585825667,2.293619043386637e-8,location,full,muestra completa,1000,0,M2_FULL,M2 completo: interacción arquetipo x todas las dimensiones,adoption_stage ~ macro_archetype_5 * (z_FINANCIAL + z_SECURITY +      z_COMPETENCE + z_AUTONOMY + z_PHYSIOLOGICAL + z_RELATEDNESS +      z_STIMULATION + z_POPULARITY + z_MEANING) + (1 | participant_id),Arquetipo: G4 HomoEconomicus,Arquetipo,TRUE
macro_archetype_5G5_Uninterested,15.988200861156468,2.6575276845265896,6.016193529891523,1.7856607600188896e-9,location,full,muestra completa,1000,0,M2_FULL,M2 completo: interacción arquetipo x todas las dimensiones,adoption_stage ~ macro_archetype_5 * (z_FINANCIAL + z_SECURITY +      z_COMPETENCE + z_AUTONOMY + z_PHYSIOLOGICAL + z_RELATEDNESS +      z_STIMULATION + z_POPULARITY + z_MEANING) + (1 | participant_id),Arquetipo: G5 Uninterested,Arquetipo,TRUE
z_FINANCIAL,-0.10325474924621077,0.014457932501969794,-7.141736844610598,9.215890933449846e-13,location,full,muestra completa,1000,0,M2_FULL,M2 completo: interacción arquetipo x todas las dimensiones,adoption_stage ~ macro_archetype_5 * (z_FINANCIAL + z_SECURITY +      z_COMPETENCE + z_AUTONOMY + z_PHYSIOLOGICAL + z_RELATEDNESS +      z_STIMULATION + z_POPULARITY + z_MEANING) + (1 | participant_id),Dimensión: Seguridad financiera,Dimensión,TRUE
z_SECURITY,-0.1549238699148754,0.016730598430491284,-9.259912044301343,2.0460068328854665e-20,location,full,muestra completa,1000,0,M2_FULL,M2 completo: interacción arquetipo x todas las dimensiones,adoption_stage ~ macro_archetype_5 * (z_FINANCIAL + z_SECURITY +      z_COMPETENCE + z_AUTONOMY + z_PHYSIOLOGICAL + z_RELATEDNESS +      z_STIMULATION + z_POPULARITY + z_MEANING) + (1 | participant_id),Dimensión: Seguridad,Dimensión,TRUE
z_COMPETENCE,-0.018364384406148185,0.013899252485792732,-1.321249788427078,0.1864180901317078,location,full,muestra completa,1000,0,M2_FULL,M2 completo: interacción arquetipo x todas las dimensiones,adoption_stage ~ macro_archetype_5 * (z_FINANCIAL + z_SECURITY +      z_COMPETENCE + z_AUTONOMY + z_PHYSIOLOGICAL + z_RELATEDNESS +      z_STIMULATION + z_POPULARITY + z_MEANING) + (1 | participant_id),Dimensión: Competencia,Dimensión,FALSE
z_AUTONOMY,0.22488599584873323,0.014520416996463458,15.487571459105181,4.2089134535979595e-54,location,full,muestra completa,1000,0,M2_FULL,M2 completo: interacción arquetipo x todas las dimensiones,adoption_stage ~ macro_archetype_5 * (z_FINANCIAL + z_SECURITY +      z_COMPETENCE + z_AUTONOMY + z_PHYSIOLOGICAL + z_RELATEDNESS +      z_STIMULATION + z_POPULARITY + z_MEANING) + (1 | participant_id),Dimensión: Autonomía,Dimensión,TRUE
z_PHYSIOLOGICAL,0.05671766219895475,0.01198684273713771,4.731659824253116,2.2269138004829806e-6,location,full,muestra completa,1000,0,M2_FULL,M2 completo: interacción arquetipo x todas las dimensiones,adoption_stage ~ macro_archetype_5 * (z_FINANCIAL + z_SECURITY +      z_COMPETENCE + z_AUTONOMY + z_PHYSIOLOGICAL + z_RELATEDNESS +      z_STIMULATION + z_POPULARITY + z_MEANING) + (1 | participant_id),Dimensión: Materialidad,Dimensión,TRUE
z_RELATEDNESS,0.010867344271358959,0.01750587683880828,0.62078263039458,0.5347426532338335,location,full,muestra completa,1000,0,M2_FULL,M2 completo: interacción arquetipo x todas las dimensiones,adoption_stage ~ macro_archetype_5 * (z_FINANCIAL + z_SECURITY +      z_COMPETENCE + z_AUTONOMY + z_PHYSIOLOGICAL + z_RELATEDNESS +      z_STIMULATION + z_POPULARITY + z_MEANING) + (1 | participant_id),Dimensión: Vinculación,Dimensión,FALSE
z_STIMULATION,-0.003963034855494702,0.013684940149553876,-0.2895909526958286,0.7721291892627682,location,full,muestra completa,1000,0,M2_FULL,M2 completo: interacción arquetipo x todas las dimensiones,adoption_stage ~ macro_archetype_5 * (z_FINANCIAL + z_SECURITY +      z_COMPETENCE + z_AUTONOMY + z_PHYSIOLOGICAL + z_RELATEDNESS +      z_STIMULATION + z_POPULARITY + z_MEANING) + (1 | participant_id),Dimensión: Estímulo,Dimensión,FALSE
z_POPULARITY,0.03917069568388288,0.012418171277123006,3.1543046725441686,0.001608810330808826,location,full,muestra completa,1000,0,M2_FULL,M2 completo: interacción arquetipo x todas las dimensiones,adoption_stage ~ macro_archetype_5 * (z_FINANCIAL + z_SECURITY +      z_COMPETENCE + z_AUTONOMY + z_PHYSIOLOGICAL + z_RELATEDNESS +      z_STIMULATION + z_POPULARITY + z_MEANING) + (1 | participant_id),Dimensión: Popularidad,Dimensión,TRUE
z_MEANING,0.13103495525640196,0.016014688051260918,8.182173442091175,2.787694130495465e-16,location,full,muestra completa,1000,0,M2_FULL,M2 completo: interacción arquetipo x todas las dimensiones,adoption_stage ~ macro_archetype_5 * (z_FINANCIAL + z_SECURITY +      z_COMPETENCE + z_AUTONOMY + z_PHYSIOLOGICAL + z_RELATEDNESS +      z_STIMULATION + z_POPULARITY + z_MEANING) + (1 | participant_id),Dimensión: Significado,Dimensión,TRUE
macro_archetype_5G2_EarlyAdopter_Influencer:z_FINANCIAL,0.2420817986443962,0.020878054410096058,11.595036294537676,4.366804856007328e-31,location,full,muestra completa,1000,0,M2_FULL,M2 completo: interacción arquetipo x todas las dimensiones,adoption_stage ~ macro_archetype_5 * (z_FINANCIAL + z_SECURITY +      z_COMPETENCE + z_AUTONOMY + z_PHYSIOLOGICAL + z_RELATEDNESS +      z_STIMULATION + z_POPULARITY + z_MEANING) + (1 | participant_id),Arquetipo: G2 EarlyAdopter Influencer x Dimensión: Seguridad financiera,Interacción,TRUE
macro_archetype_5G3_Fearful_Careful:z_FINANCIAL,0.08417965930992764,0.022493822353472602,3.7423456977258454,1.8231047845081172e-4,location,full,muestra completa,1000,0,M2_FULL,M2 completo: interacción arquetipo x todas las dimensiones,adoption_stage ~ macro_archetype_5 * (z_FINANCIAL + z_SECURITY +      z_COMPETENCE + z_AUTONOMY + z_PHYSIOLOGICAL + z_RELATEDNESS +      z_STIMULATION + z_POPULARITY + z_MEANING) + (1 | participant_id),Arquetipo: G3 Fearful Careful x Dimensión: Seguridad financiera,Interacción,TRUE
macro_archetype_5G4_HomoEconomicus:z_FINANCIAL,-0.08682509996888088,0.026710407007641022,-3.250609395208501,0.001151579547905876,location,full,muestra completa,1000,0,M2_FULL,M2 completo: interacción arquetipo x todas las dimensiones,adoption_stage ~ macro_archetype_5 * (z_FINANCIAL + z_SECURITY +      z_COMPETENCE + z_AUTONOMY + z_PHYSIOLOGICAL + z_RELATEDNESS +      z_STIMULATION + z_POPULARITY + z_MEANING) + (1 | participant_id),Arquetipo: G4 HomoEconomicus x Dimensión: Seguridad financiera,Interacción,TRUE
macro_archetype_5G5_Uninterested:z_FINANCIAL,0.1362101133162075,0.03390049634889201,4.01793861406573,5.870948579678902e-5,location,full,muestra completa,1000,0,M2_FULL,M2 completo: interacción arquetipo x todas las dimensiones,adoption_stage ~ macro_archetype_5 * (z_FINANCIAL + z_SECURITY +      z_COMPETENCE + z_AUTONOMY + z_PHYSIOLOGICAL + z_RELATEDNESS +      z_STIMULATION + z_POPULARITY + z_MEANING) + (1 | participant_id),Arquetipo: G5 Uninterested x Dimensión: Seguridad financiera,Interacción,TRUE
macro_archetype_5G2_EarlyAdopter_Influencer:z_SECURITY,0.0302444268355611,0.02199412630896865,1.3751138104189293,0.16909616344164802,location,full,muestra completa,1000,0,M2_FULL,M2 completo: interacción arquetipo x todas las dimensiones,adoption_stage ~ macro_archetype_5 * (z_FINANCIAL + z_SECURITY +      z_COMPETENCE + z_AUTONOMY + z_PHYSIOLOGICAL + z_RELATEDNESS +      z_STIMULATION + z_POPULARITY + z_MEANING) + (1 | participant_id),Arquetipo: G2 EarlyAdopter Influencer x Dimensión: Seguridad,Interacción,FALSE
macro_archetype_5G3_Fearful_Careful:z_SECURITY,-0.03908407418480605,0.022833631972990924,-1.7116888908009547,0.08695401697414441,location,full,muestra completa,1000,0,M2_FULL,M2 completo: interacción arquetipo x todas las dimensiones,adoption_stage ~ macro_archetype_5 * (z_FINANCIAL + z_SECURITY +      z_COMPETENCE + z_AUTONOMY + z_PHYSIOLOGICAL + z_RELATEDNESS +      z_STIMULATION + z_POPULARITY + z_MEANING) + (1 | participant_id),Arquetipo: G3 Fearful Careful x Dimensión: Seguridad,Interacción,FALSE
macro_archetype_5G4_HomoEconomicus:z_SECURITY,0.1261140477284964,0.02625789618629339,4.802899928986995,1.5638405262364037e-6,location,full,muestra completa,1000,0,M2_FULL,M2 completo: interacción arquetipo x todas las dimensiones,adoption_stage ~ macro_archetype_5 * (z_FINANCIAL + z_SECURITY +      z_COMPETENCE + z_AUTONOMY + z_PHYSIOLOGICAL + z_RELATEDNESS +      z_STIMULATION + z_POPULARITY + z_MEANING) + (1 | participant_id),Arquetipo: G4 HomoEconomicus x Dimensión: Seguridad,Interacción,TRUE
macro_archetype_5G5_Uninterested:z_SECURITY,0.06621374390490123,0.040353207858311715,1.6408545297660373,0.10082761571065665,location,full,muestra completa,1000,0,M2_FULL,M2 completo: interacción arquetipo x todas las dimensiones,adoption_stage ~ macro_archetype_5 * (z_FINANCIAL + z_SECURITY +      z_COMPETENCE + z_AUTONOMY + z_PHYSIOLOGICAL + z_RELATEDNESS +      z_STIMULATION + z_POPULARITY + z_MEANING) + (1 | participant_id),Arquetipo: G5 Uninterested x Dimensión: Seguridad,Interacción,FALSE
macro_archetype_5G2_EarlyAdopter_Influencer:z_COMPETENCE,-0.1426348872884542,0.021877952378361043,-6.5195720706262685,7.050825546558943e-11,location,full,muestra completa,1000,0,M2_FULL,M2 completo: interacción arquetipo x todas las dimensiones,adoption_stage ~ macro_archetype_5 * (z_FINANCIAL + z_SECURITY +      z_COMPETENCE + z_AUTONOMY + z_PHYSIOLOGICAL + z_RELATEDNESS +      z_STIMULATION + z_POPULARITY + z_MEANING) + (1 | participant_id),Arquetipo: G2 EarlyAdopter Influencer x Dimensión: Competencia,Interacción,TRUE
macro_archetype_5G3_Fearful_Careful:z_COMPETENCE,0.018809208670488742,0.020761444035304725,0.9059682283421029,0.3649526692618757,location,full,muestra completa,1000,0,M2_FULL,M2 completo: interacción arquetipo x todas las dimensiones,adoption_stage ~ macro_archetype_5 * (z_FINANCIAL + z_SECURITY +      z_COMPETENCE + z_AUTONOMY + z_PHYSIOLOGICAL + z_RELATEDNESS +      z_STIMULATION + z_POPULARITY + z_MEANING) + (1 | participant_id),Arquetipo: G3 Fearful Careful x Dimensión: Competencia,Interacción,FALSE
macro_archetype_5G4_HomoEconomicus:z_COMPETENCE,-0.09958159978123887,0.03099594501700409,-3.212729914400394,0.001314798669113341,location,full,muestra completa,1000,0,M2_FULL,M2 completo: interacción arquetipo x todas las dimensiones,adoption_stage ~ macro_archetype_5 * (z_FINANCIAL + z_SECURITY +      z_COMPETENCE + z_AUTONOMY + z_PHYSIOLOGICAL + z_RELATEDNESS +      z_STIMULATION + z_POPULARITY + z_MEANING) + (1 | participant_id),Arquetipo: G4 HomoEconomicus x Dimensión: Competencia,Interacción,TRUE
macro_archetype_5G5_Uninterested:z_COMPETENCE,-0.06987850510225925,0.040961605249468284,-1.7059513336129895,0.08801714096591222,location,full,muestra completa,1000,0,M2_FULL,M2 completo: interacción arquetipo x todas las dimensiones,adoption_stage ~ macro_archetype_5 * (z_FINANCIAL + z_SECURITY +      z_COMPETENCE + z_AUTONOMY + z_PHYSIOLOGICAL + z_RELATEDNESS +      z_STIMULATION + z_POPULARITY + z_MEANING) + (1 | participant_id),Arquetipo: G5 Uninterested x Dimensión: Competencia,Interacción,FALSE
macro_archetype_5G2_EarlyAdopter_Influencer:z_AUTONOMY,-0.010990765501915415,0.017353082591227694,-0.6333609861034979,0.5264979360251949,location,full,muestra completa,1000,0,M2_FULL,M2 completo: interacción arquetipo x todas las dimensiones,adoption_stage ~ macro_archetype_5 * (z_FINANCIAL + z_SECURITY +      z_COMPETENCE + z_AUTONOMY + z_PHYSIOLOGICAL + z_RELATEDNESS +      z_STIMULATION + z_POPULARITY + z_MEANING) + (1 | participant_id),Arquetipo: G2 EarlyAdopter Influencer x Dimensión: Autonomía,Interacción,FALSE
macro_archetype_5G3_Fearful_Careful:z_AUTONOMY,-0.007274615247834534,0.0190344366081079,-0.3821818001556107,0.702326520445478,location,full,muestra completa,1000,0,M2_FULL,M2 completo: interacción arquetipo x todas las dimensiones,adoption_stage ~ macro_archetype_5 * (z_FINANCIAL + z_SECURITY +      z_COMPETENCE + z_AUTONOMY + z_PHYSIOLOGICAL + z_RELATEDNESS +      z_STIMULATION + z_POPULARITY + z_MEANING) + (1 | participant_id),Arquetipo: G3 Fearful Careful x Dimensión: Autonomía,Interacción,FALSE
macro_archetype_5G4_HomoEconomicus:z_AUTONOMY,0.006857725964072631,0.02655742688685909,0.2582225301151411,0.7962351708879414,location,full,muestra completa,1000,0,M2_FULL,M2 completo: interacción arquetipo x todas las dimensiones,adoption_stage ~ macro_archetype_5 * (z_FINANCIAL + z_SECURITY +      z_COMPETENCE + z_AUTONOMY + z_PHYSIOLOGICAL + z_RELATEDNESS +      z_STIMULATION + z_POPULARITY + z_MEANING) + (1 | participant_id),Arquetipo: G4 HomoEconomicus x Dimensión: Autonomía,Interacción,FALSE
macro_archetype_5G5_Uninterested:z_AUTONOMY,-0.07941649842636489,0.03259662019960749,-2.436341496144474,0.014836670186799768,location,full,muestra completa,1000,0,M2_FULL,M2 completo: interacción arquetipo x todas las dimensiones,adoption_stage ~ macro_archetype_5 * (z_FINANCIAL + z_SECURITY +      z_COMPETENCE + z_AUTONOMY + z_PHYSIOLOGICAL + z_RELATEDNESS +      z_STIMULATION + z_POPULARITY + z_MEANING) + (1 | participant_id),Arquetipo: G5 Uninterested x Dimensión: Autonomía,Interacción,TRUE
macro_archetype_5G2_EarlyAdopter_Influencer:z_PHYSIOLOGICAL,-0.07494235813644654,0.015825757608535624,-4.735467330551453,2.1855090953393592e-6,location,full,muestra completa,1000,0,M2_FULL,M2 completo: interacción arquetipo x todas las dimensiones,adoption_stage ~ macro_archetype_5 * (z_FINANCIAL + z_SECURITY +      z_COMPETENCE + z_AUTONOMY + z_PHYSIOLOGICAL + z_RELATEDNESS +      z_STIMULATION + z_POPULARITY + z_MEANING) + (1 | participant_id),Arquetipo: G2 EarlyAdopter Influencer x Dimensión: Materialidad,Interacción,TRUE
macro_archetype_5G3_Fearful_Careful:z_PHYSIOLOGICAL,-0.14815642285004563,0.018115012778840974,-8.178654062176427,2.8703184771140073e-16,location,full,muestra completa,1000,0,M2_FULL,M2 completo: interacción arquetipo x todas las dimensiones,adoption_stage ~ macro_archetype_5 * (z_FINANCIAL + z_SECURITY +      z_COMPETENCE + z_AUTONOMY + z_PHYSIOLOGICAL + z_RELATEDNESS +      z_STIMULATION + z_POPULARITY + z_MEANING) + (1 | participant_id),Arquetipo: G3 Fearful Careful x Dimensión: Materialidad,Interacción,TRUE
macro_archetype_5G4_HomoEconomicus:z_PHYSIOLOGICAL,-0.06489192484248214,0.023376811010996305,-2.775910059415606,0.005504743408632702,location,full,muestra completa,1000,0,M2_FULL,M2 completo: interacción arquetipo x todas las dimensiones,adoption_stage ~ macro_archetype_5 * (z_FINANCIAL + z_SECURITY +      z_COMPETENCE + z_AUTONOMY + z_PHYSIOLOGICAL + z_RELATEDNESS +      z_STIMULATION + z_POPULARITY + z_MEANING) + (1 | participant_id),Arquetipo: G4 HomoEconomicus x Dimensión: Materialidad,Interacción,TRUE
macro_archetype_5G5_Uninterested:z_PHYSIOLOGICAL,-0.2087790367138094,0.019863498745479338,-10.51068794017593,7.712885112600141e-26,location,full,muestra completa,1000,0,M2_FULL,M2 completo: interacción arquetipo x todas las dimensiones,adoption_stage ~ macro_archetype_5 * (z_FINANCIAL + z_SECURITY +      z_COMPETENCE + z_AUTONOMY + z_PHYSIOLOGICAL + z_RELATEDNESS +      z_STIMULATION + z_POPULARITY + z_MEANING) + (1 | participant_id),Arquetipo: G5 Uninterested x Dimensión: Materialidad,Interacción,TRUE
macro_archetype_5G2_EarlyAdopter_Influencer:z_RELATEDNESS,-0.08264071599806683,0.022834931309388774,-3.6190481538294974,2.956886184628127e-4,location,full,muestra completa,1000,0,M2_FULL,M2 completo: interacción arquetipo x todas las dimensiones,adoption_stage ~ macro_archetype_5 * (z_FINANCIAL + z_SECURITY +      z_COMPETENCE + z_AUTONOMY + z_PHYSIOLOGICAL + z_RELATEDNESS +      z_STIMULATION + z_POPULARITY + z_MEANING) + (1 | participant_id),Arquetipo: G2 EarlyAdopter Influencer x Dimensión: Vinculación,Interacción,TRUE
macro_archetype_5G3_Fearful_Careful:z_RELATEDNESS,-0.025855409263975754,0.02695782047366729,-0.9591060705086161,0.3375053125724795,location,full,muestra completa,1000,0,M2_FULL,M2 completo: interacción arquetipo x todas las dimensiones,adoption_stage ~ macro_archetype_5 * (z_FINANCIAL + z_SECURITY +      z_COMPETENCE + z_AUTONOMY + z_PHYSIOLOGICAL + z_RELATEDNESS +      z_STIMULATION + z_POPULARITY + z_MEANING) + (1 | participant_id),Arquetipo: G3 Fearful Careful x Dimensión: Vinculación,Interacción,FALSE
macro_archetype_5G4_HomoEconomicus:z_RELATEDNESS,-0.010068327304054953,0.033146165489084035,-0.3037554165163007,0.7613142351723992,location,full,muestra completa,1000,0,M2_FULL,M2 completo: interacción arquetipo x todas las dimensiones,adoption_stage ~ macro_archetype_5 * (z_FINANCIAL + z_SECURITY +      z_COMPETENCE + z_AUTONOMY + z_PHYSIOLOGICAL + z_RELATEDNESS +      z_STIMULATION + z_POPULARITY + z_MEANING) + (1 | participant_id),Arquetipo: G4 HomoEconomicus x Dimensión: Vinculación,Interacción,FALSE
macro_archetype_5G5_Uninterested:z_RELATEDNESS,0.005460444908012609,0.038574770094815705,0.14155482701752953,0.8874316503379777,location,full,muestra completa,1000,0,M2_FULL,M2 completo: interacción arquetipo x todas las dimensiones,adoption_stage ~ macro_archetype_5 * (z_FINANCIAL + z_SECURITY +      z_COMPETENCE + z_AUTONOMY + z_PHYSIOLOGICAL + z_RELATEDNESS +      z_STIMULATION + z_POPULARITY + z_MEANING) + (1 | participant_id),Arquetipo: G5 Uninterested x Dimensión: Vinculación,Interacción,FALSE
macro_archetype_5G2_EarlyAdopter_Influencer:z_STIMULATION,-0.04612368351900926,0.018513961212523702,-2.491292003345511,0.0127279466317529,location,full,muestra completa,1000,0,M2_FULL,M2 completo: interacción arquetipo x todas las dimensiones,adoption_stage ~ macro_archetype_5 * (z_FINANCIAL + z_SECURITY +      z_COMPETENCE + z_AUTONOMY + z_PHYSIOLOGICAL + z_RELATEDNESS +      z_STIMULATION + z_POPULARITY + z_MEANING) + (1 | participant_id),Arquetipo: G2 EarlyAdopter Influencer x Dimensión: Estímulo,Interacción,TRUE
macro_archetype_5G3_Fearful_Careful:z_STIMULATION,0.0777166784018965,0.02084443442281844,3.728413869402948,1.926887427193718e-4,location,full,muestra completa,1000,0,M2_FULL,M2 completo: interacción arquetipo x todas las dimensiones,adoption_stage ~ macro_archetype_5 * (z_FINANCIAL + z_SECURITY +      z_COMPETENCE + z_AUTONOMY + z_PHYSIOLOGICAL + z_RELATEDNESS +      z_STIMULATION + z_POPULARITY + z_MEANING) + (1 | participant_id),Arquetipo: G3 Fearful Careful x Dimensión: Estímulo,Interacción,TRUE
macro_archetype_5G4_HomoEconomicus:z_STIMULATION,0.15277702815766225,0.026063571930201646,5.8617072351709805,4.581322445975295e-9,location,full,muestra completa,1000,0,M2_FULL,M2 completo: interacción arquetipo x todas las dimensiones,adoption_stage ~ macro_archetype_5 * (z_FINANCIAL + z_SECURITY +      z_COMPETENCE + z_AUTONOMY + z_PHYSIOLOGICAL + z_RELATEDNESS +      z_STIMULATION + z_POPULARITY + z_MEANING) + (1 | participant_id),Arquetipo: G4 HomoEconomicus x Dimensión: Estímulo,Interacción,TRUE
macro_archetype_5G5_Uninterested:z_STIMULATION,0.05635286678357144,0.03086702652256446,1.825665544505114,0.06790065623032103,location,full,muestra completa,1000,0,M2_FULL,M2 completo: interacción arquetipo x todas las dimensiones,adoption_stage ~ macro_archetype_5 * (z_FINANCIAL + z_SECURITY +      z_COMPETENCE + z_AUTONOMY + z_PHYSIOLOGICAL + z_RELATEDNESS +      z_STIMULATION + z_POPULARITY + z_MEANING) + (1 | participant_id),Arquetipo: G5 Uninterested x Dimensión: Estímulo,Interacción,FALSE
macro_archetype_5G2_EarlyAdopter_Influencer:z_POPULARITY,-0.042735038149942665,0.016699711922513003,-2.5590284639779477,0.010496514661298641,location,full,muestra completa,1000,0,M2_FULL,M2 completo: interacción arquetipo x todas las dimensiones,adoption_stage ~ macro_archetype_5 * (z_FINANCIAL + z_SECURITY +      z_COMPETENCE + z_AUTONOMY + z_PHYSIOLOGICAL + z_RELATEDNESS +      z_STIMULATION + z_POPULARITY + z_MEANING) + (1 | participant_id),Arquetipo: G2 EarlyAdopter Influencer x Dimensión: Popularidad,Interacción,TRUE
macro_archetype_5G3_Fearful_Careful:z_POPULARITY,-0.06380573090341926,0.018780917760381717,-3.397370230650668,6.803684883640989e-4,location,full,muestra completa,1000,0,M2_FULL,M2 completo: interacción arquetipo x todas las dimensiones,adoption_stage ~ macro_archetype_5 * (z_FINANCIAL + z_SECURITY +      z_COMPETENCE + z_AUTONOMY + z_PHYSIOLOGICAL + z_RELATEDNESS +      z_STIMULATION + z_POPULARITY + z_MEANING) + (1 | participant_id),Arquetipo: G3 Fearful Careful x Dimensión: Popularidad,Interacción,TRUE
macro_archetype_5G4_HomoEconomicus:z_POPULARITY,-0.002158281010418238,0.022439648764759488,-0.09618158613105061,0.9233763551442424,location,full,muestra completa,1000,0,M2_FULL,M2 completo: interacción arquetipo x todas las dimensiones,adoption_stage ~ macro_archetype_5 * (z_FINANCIAL + z_SECURITY +      z_COMPETENCE + z_AUTONOMY + z_PHYSIOLOGICAL + z_RELATEDNESS +      z_STIMULATION + z_POPULARITY + z_MEANING) + (1 | participant_id),Arquetipo: G4 HomoEconomicus x Dimensión: Popularidad,Interacción,FALSE
macro_archetype_5G5_Uninterested:z_POPULARITY,-0.017689246896655762,0.02607644009207249,-0.6783612653490028,0.497542662325874,location,full,muestra completa,1000,0,M2_FULL,M2 completo: interacción arquetipo x todas las dimensiones,adoption_stage ~ macro_archetype_5 * (z_FINANCIAL + z_SECURITY +      z_COMPETENCE + z_AUTONOMY + z_PHYSIOLOGICAL + z_RELATEDNESS +      z_STIMULATION + z_POPULARITY + z_MEANING) + (1 | participant_id),Arquetipo: G5 Uninterested x Dimensión: Popularidad,Interacción,FALSE
macro_archetype_5G2_EarlyAdopter_Influencer:z_MEANING,0.02155164833164935,0.019424311378663312,1.1095192983429425,0.26720622394146804,location,full,muestra completa,1000,0,M2_FULL,M2 completo: interacción arquetipo x todas las dimensiones,adoption_stage ~ macro_archetype_5 * (z_FINANCIAL + z_SECURITY +      z_COMPETENCE + z_AUTONOMY + z_PHYSIOLOGICAL + z_RELATEDNESS +      z_STIMULATION + z_POPULARITY + z_MEANING) + (1 | participant_id),Arquetipo: G2 EarlyAdopter Influencer x Dimensión: Significado,Interacción,FALSE
macro_archetype_5G3_Fearful_Careful:z_MEANING,-0.1269918573623024,0.024112967462231332,-5.266537914141531,1.3902054584999404e-7,location,full,muestra completa,1000,0,M2_FULL,M2 completo: interacción arquetipo x todas las dimensiones,adoption_stage ~ macro_archetype_5 * (z_FINANCIAL + z_SECURITY +      z_COMPETENCE + z_AUTONOMY + z_PHYSIOLOGICAL + z_RELATEDNESS +      z_STIMULATION + z_POPULARITY + z_MEANING) + (1 | participant_id),Arquetipo: G3 Fearful Careful x Dimensión: Significado,Interacción,TRUE
macro_archetype_5G4_HomoEconomicus:z_MEANING,-0.15297442731707955,0.029624423551568007,-5.163794227111052,2.419937163445137e-7,location,full,muestra completa,1000,0,M2_FULL,M2 completo: interacción arquetipo x todas las dimensiones,adoption_stage ~ macro_archetype_5 * (z_FINANCIAL + z_SECURITY +      z_COMPETENCE + z_AUTONOMY + z_PHYSIOLOGICAL + z_RELATEDNESS +      z_STIMULATION + z_POPULARITY + z_MEANING) + (1 | participant_id),Arquetipo: G4 HomoEconomicus x Dimensión: Significado,Interacción,TRUE
macro_archetype_5G5_Uninterested:z_MEANING,-0.15212057348056043,0.03666005231752294,-4.14949144542953,3.332147395834799e-5,location,full,muestra completa,1000,0,M2_FULL,M2 completo: interacción arquetipo x todas las dimensiones,adoption_stage ~ macro_archetype_5 * (z_FINANCIAL + z_SECURITY +      z_COMPETENCE + z_AUTONOMY + z_PHYSIOLOGICAL + z_RELATEDNESS +      z_STIMULATION + z_POPULARITY + z_MEANING) + (1 | participant_id),Arquetipo: G5 Uninterested x Dimensión: Significado,Interacción,TRUE
